,year,name,position,height,weight,fortyyd,twentyss,threecone,vertical,broad,bench,college,picktotal,first4av,carav,drav
1,2010,Nate Allen,FS,6-1.0000,207,4.5,0,0,0,0,16,South Florida,37,28,26,26
2,2010,Tyson Alualu,DE,6-3.0000,295,4.87,4.43,0,35.5,116,21,California,10,29,31,31
3,2010,Javier Arenas,CB,5-9.0000,197,4.6,0,0,0,112,0,Alabama,50,8,8,7
4,2010,Larry Asante,SS,6-1.0000,212,4.62,4.17,0,37.5,118,14,Nebraska,160,1,2,
5,2010,Geno Atkins,DT,6-2.0000,293,4.75,4.43,0,33,117,34,Georgia,120,49,61,61
6,2010,Zane Beadles,OG,6-5.0000,310,5.28,0,0,0,0,27,Utah,45,40,42,32
7,2010,Arrelious Benn,WR,6-1.0000,219,4.57,4.32,6.78,37,118,20,Illinois,39,7,7,7
8,2010,Eric Berry,FS,6-1.0000,211,4.4,4.23,0,43,130,19,Tennessee,5,30,38,38
9,2010,Jahvid Best,RB,5-10.0000,199,4.34,4.17,0,32.5,113,18,California,30,13,13,13
10,2010,Sam Bradford,QB,6-4.0000,236,4.79,0,0,0,0,0,Oklahoma,1,27,33,25
11,2010,Dezmon Briscoe,WR,6-2.0000,207,4.66,4.57,7.1,33,115,9,Kansas,191,4,4,
12,2010,Antonio Brown,WR,5-10.0000,186,4.56,4.18,6.98,33.5,105,13,Central Michigan,195,48,60,60
13,2010,Charles Brown,OT,6-6.0000,303,5.24,0,0,31.5,0,21,USC,64,15,15,14
14,2010,Levi Brown,QB,6-4.0000,229,4.93,4.43,0,31.5,106,20,Troy,209,0,0,0
15,2010,Levi Brown,QB,6-4.0000,229,4.93,4.43,0,31.5,106,20,Troy,209,34,33,33
16,2010,Dez Bryant,WR,6-2.0000,225,4.52,4.48,7.21,38,133,0,Oklahoma State,24,52,50,50
17,2010,Bryan Bulaga,OT,6-6.0000,314,5.2,4.75,0,27.5,98,26,Iowa,23,31,34,34
18,2010,Morgan Burnett,FS,6-2.0000,209,4.51,0,0,0,0,16,Georgia Tech,71,23,24,24
19,2010,Crezdon Butler,CB,6-1.0000,191,4.43,4.23,0,39.5,121,17,Clemson,164,2,2,0
20,2010,Donald Butler,ILB,6-1.0000,245,4.62,0,0,0,0,35,Washington,79,30,27,27
21,2010,Nate Byham,TE,6-4.0000,268,4.97,0,0,29,109,0,Pittsburgh,182,0,0,0
22,2010,Kyle Calloway,OT,6-7.0000,323,5.46,4.86,0,23.5,0,22,Iowa,216,0,,
23,2010,Bruce Campbell,OT,6-7.0000,314,4.75,4.69,0,32,101,34,Maryland,106,1,1,1
24,2010,Sean Canfield,QB,6-4.0000,223,4.93,4.39,0,29.5,100,0,Oregon State,239,0,,
25,2010,Selvish Capers,OT,6-5.0000,308,5.11,4.68,0,30.5,106,19,West Virginia,231,0,0,
26,2010,Alex Carrington,DE,6-5.0000,285,4.92,0,0,0,0,26,Arkansas State,72,7,7,6
27,2010,Kam Chancellor,FS,6-3.0000,231,4.62,4.41,0,32,116,22,Virginia Tech,133,36,39,39
28,2010,Jamar Chaney,ILB,6-1.0000,242,4.54,4.29,0,39,124,26,Mississippi State,220,13,13,12
29,2010,Jimmy Clausen,QB,6-2.0000,222,4.76,0,0,0,0,0,Notre Dame,48,1,3,0
30,2010,Keenan Clayton,OLB,6-1.0000,229,4.59,0,0,41.5,124,27,Oklahoma,121,3,3,2
31,2010,Terrence Cody,DT,6-4.0000,349,5.71,5.03,0,20.5,0,0,Alabama,57,14,13,13
32,2010,Kurt Coleman,SS,5-10.0000,192,4.55,0,0,0,0,19,Ohio State,244,17,22,13
33,2010,John Conner,FB,5-11.0000,246,4.64,4.32,0,35,111,24,Kentucky,139,0,0,0
34,2010,Kavell Conner,OLB,6-1.0000,242,4.59,4.6,0,33.5,110,24,Clemson,240,20,20,15
35,2010,Chris Cook,CB,6-2.0000,212,4.45,4.23,0,38,132,7,Virginia,34,9,8,8
36,2010,Riley Cooper,WR,6-4.0000,222,4.53,0,0,33,114,0,Florida,159,17,18,18
37,2010,Perrish Cox,CB,6-1.0000,195,4.58,0,0,32.5,113,12,Oklahoma State,137,12,16,3
38,2010,Rennie Curran,OLB,5-11.0000,235,4.75,0,0,34.5,0,25,Georgia,97,1,1,1
39,2010,Anthony Davis,OT,6-5.0000,323,5.36,4.97,0,33,0,21,Rutgers,11,34,31,31
40,2010,Anthony Davis,OT,6-5.0000,323,5.36,4.97,0,33,0,21,Rutgers,11,0,,
41,2010,Dexter Davis,OLB,6-2.0000,244,4.62,4.3,0,35,109,25,Arizona State,236,1,1,1
42,2010,Hall Davis,DE,6-4.0000,271,4.84,0,0,0,0,28,Louisiana-Lafayette,149,0,0,
43,2010,Eric Decker,WR,6-3.0000,217,4.54,0,0,0,0,15,Minnesota,87,37,42,28
44,2010,Chris DeGeare,OG,6-4.0000,325,5.12,4.9,0,32.5,103,27,Wake Forest,161,2,2,2
45,2010,Dorin Dickerson,TE,6-2.0000,226,4.4,4.3,0,43.5,125,24,Pittsburgh,227,1,1,0
46,2010,Ed Dickson,TE,6-4.0000,249,4.59,4.59,0,34,115,23,Oregon,70,11,11,9
47,2010,Phillip Dillard,ILB,6-1.0000,245,4.65,4.43,0,31.5,106,0,Nebraska,115,0,0,0
48,2010,Anthony Dixon,RB,6-1.0000,233,4.67,4.49,0,33,121,15,Mississippi State,173,7,7,4
49,2010,Jim Dray,TE,6-5.0000,246,4.82,0,0,0,0,17,Stanford,233,4,4,2
50,2010,Carlos Dunlap,DE,6-6.0000,278,4.68,4.61,7.21,31.5,111,21,Florida,54,28,37,37
51,2010,Jonathan Dwyer,RB,5-11.0000,229,4.64,4.67,0,33,107,15,Georgia Tech,188,8,8,8
52,2010,Marcus Easley,WR,6-3.0000,210,4.39,4.6,6.94,34,123,16,Connecticut,107,1,1,1
53,2010,A.J. Edds,OLB,6-4.0000,246,4.62,4.28,0,33,117,16,Iowa,119,0,0,
54,2010,Brody Eldridge,TE,6-5.0000,261,4.72,0,0,31.5,0,0,Oklahoma,162,0,0,0
55,2010,Dedrick Epps,TE,6-4.0000,246,4.72,0,0,0,0,19,Miami (FL),235,0,0,
56,2010,Jacoby Ford,WR,5-9.0000,186,4.28,4.44,7,33.5,115,15,Clemson,108,12,12,12
57,2010,Jason Fox,OT,6-7.0000,305,5.42,0,0,0,0,23,Miami (FL),128,4,9,2
58,2010,Dominique Franks,CB,5-11.0000,194,4.46,4.33,0,33.5,117,10,Oklahoma,135,6,6,5
59,2010,Clifton Geathers,DE,6-8.0000,299,4.98,0,0,36,112,26,South Carolina,186,4,4,
60,2010,Toby Gerhart,RB,6-1.0000,231,4.5,4.25,0,38,118,22,Stanford,51,17,16,13
61,2010,David Gettis,WR,6-3.0000,217,4.43,4.41,6.94,34.5,124,15,Baylor,198,3,3,3
62,2010,Brandon Ghee,CB,6-1.0000,192,4.37,4.07,0,37,127,15,Wake Forest,96,3,3,2
63,2010,Thaddeus Gibson,OLB,6-2.0000,243,4.78,4.27,0,32,115,32,Ohio State,116,0,0,
64,2010,Mardy Gilyard,WR,6-1.0000,187,4.61,4.4,6.92,39,116,0,Cincinnati,99,1,1,1
65,2010,Travis Goethel,ILB,6-3.0000,240,4.81,4.54,0,35,111,21,Arizona State,190,1,1,1
66,2010,Brandon Graham,OLB,6-2.0000,268,4.71,0,0,0,0,31,Michigan,13,10,14,14
67,2010,Garrett Graham,TE,6-3.0000,243,4.71,4.35,0,34.5,112,20,Wisconsin,118,7,7,7
68,2010,Jimmy Graham,TE,6-6.0000,260,4.53,4.45,0,38.5,120,0,Miami (FL),95,43,44,40
69,2010,Jermaine Gresham,TE,6-5.0000,261,4.66,4.53,0,35,113,20,Oklahoma,21,24,23,22
70,2010,Everson Griffen,DE,6-4.0000,273,4.65,0,0,0,0,32,USC,100,16,26,26
71,2010,Cody Grimm,SS,5-11.0000,203,4.55,0,0,35.5,117,11,Virginia Tech,210,6,6,6
72,2010,Rob Gronkowski,TE,6-6.0000,258,4.68,0,0,0,0,23,Arizona,42,46,52,52
73,2010,Joe Haden,CB,5-11.0000,193,4.52,4.34,0,35,125,18,Florida,7,38,37,37
74,2010,Clay Harbor,TE,6-3.0000,252,4.62,4.37,0,40,120,30,Missouri State,125,7,7,3
75,2010,Montario Hardesty,RB,6-1.0000,225,4.49,4.14,0,41,124,21,Tennessee,59,4,4,4
76,2010,Greg Hardy,DE,6-4.0000,281,4.82,4.65,0,35,117,21,Mississippi,175,28,32,26
77,2010,Trindon Holliday,WR,5-5.0000,166,4.34,4.48,6.54,42,116,10,LSU,197,4,4,0
78,2010,Lamarr Houston,DT,6-3.0000,305,4.84,4.71,0,33.5,114,30,Texas,44,31,31,26
79,2010,Jerry Hughes,OLB,6-2.0000,255,4.65,4.15,0,34.5,118,26,TCU,31,18,25,4
80,2010,Josh Hull,ILB,6-3.0000,237,4.93,4.07,0,32.5,115,25,Penn State,254,3,3,2
81,2010,Mike Iupati,OG,6-5.0000,331,5.24,4.93,0,27.5,92,27,Idaho,17,47,53,42
82,2010,Kareem Jackson,CB,5-11.0000,196,4.4,4.14,0,37.5,118,13,Alabama,20,28,29,29
83,2010,John Jerry,OT,6-6.0000,328,5.15,4.69,0,27.5,101,0,Mississippi,73,28,30,18
84,2010,Mike Johnson,OG,6-1.0000,312,5.37,5.01,0,25,0,0,Alabama,98,2,2,2
85,2010,Chad Jones,SS,6-2.0000,221,4.59,4.14,0,36,115,9,LSU,76,0,,
86,2010,Reshad Jones,SS,6-1.0000,214,4.51,4.54,0,39.5,118,24,Georgia,163,25,31,31
87,2010,Linval Joseph,DT,6-5.0000,328,5.09,4.71,0,30,100,39,East Carolina,46,30,33,20
88,2010,Sergio Kindle,OLB,6-3.0000,250,4.65,4.53,0,36.5,118,25,Texas,43,0,0,0
89,2010,Jammie Kirlew,DE,6-1.0000,260,5.05,4.74,0,33,111,26,Indiana,232,0,0,
90,2010,Brandon LaFell,WR,6-3.0000,211,4.58,4.23,6.81,36,115,11,LSU,78,32,33,18
91,2010,Austen Lane,DE,6-6.0000,276,4.84,4.6,0,34.5,125,0,Murray State,153,7,7,7
92,2010,Ted Larsen,OC,6-3.0000,304,5.19,4.66,0,24,96,26,North Carolina State,205,24,27,
93,2010,Shawn Lauvao,OG,6-3.0000,315,5.22,4.51,0,26.5,101,33,Arizona State,92,25,24,17
94,2010,Sean Lee,ILB,6-2.0000,236,4.71,0,0,37.5,120,24,Penn State,55,18,26,26
95,2010,Dan LeFevour,QB,6-3.0000,230,4.6,4.22,0,29.5,110,0,Central Michigan,181,0,,
96,2010,Kendrick Lewis,FS,6-1.0000,198,4.73,4.33,0,31.5,116,16,Mississippi,136,26,28,17
97,2010,Myron Lewis,FS,6-2.0000,203,4.42,0,0,37,126,10,Vanderbilt,67,1,1,1
98,2010,Trevard Lindley,CB,5-11.0000,183,4.51,4.27,0,38.5,116,9,Kentucky,105,1,1,1
99,2010,Ryan Mathews,RB,6-1.0000,218,4.37,4.33,0,36,121,19,Fresno State,12,39,39,36
100,2010,Taylor Mays,FS,6-3.0000,230,4.31,0,0,41,125,24,USC,49,8,9,3
101,2010,Rolando McClain,ILB,6-4.0000,249,4.68,0,0,0,0,24,Alabama,8,23,26,15
102,2010,Dexter McCluster,WR,5-9.0000,172,4.53,4.06,0,37.5,118,20,Mississippi,36,20,21,17
103,2010,Devin McCourty,CB,5-11.0000,193,4.38,4.07,0,36,126,16,Rutgers,27,38,40,40
104,2010,Anthony McCoy,TE,6-5.0000,259,4.71,4.57,0,35.5,113,19,USC,185,4,4,4
105,2010,Colt McCoy,QB,6-1.0000,216,4.79,0,0,0,114,0,Texas,85,13,12,10
106,2010,Gerald McCoy,DT,6-4.0000,295,5.04,4.48,0,30.5,114,23,Oklahoma,3,41,45,45
107,2010,Joe McKnight,RB,6-1.0000,198,4.4,0,0,36.5,120,18,USC,112,7,7,6
108,2010,Kerry Meier,WR,6-2.0000,224,4.62,4.23,0,35,115,13,Kansas,165,0,0,0
109,2010,Koa Misi,OLB,6-3.0000,251,4.75,4.27,0,38,127,0,Utah,40,29,31,31
110,2010,Carlton Mitchell,WR,6-3.0000,215,4.46,4.55,6.96,36,122,16,South Florida,177,0,0,0
111,2010,Earl Mitchell,DT,6-2.0000,296,4.75,4.55,0,28.5,107,25,Arizona,81,15,18,11
112,2010,Arthur Moats,OLB,6-1.0000,246,4.64,4.37,0,36.5,122,24,James Madison,178,14,18,9
113,2010,Tony Moeaki,TE,6-3.0000,245,4.69,4.42,0,34,113,18,Iowa,93,10,10,9
114,2010,Joshua Moore,CB,5-11.0000,188,4.5,4.07,0,36.5,122,2,Kansas State,141,0,0,0
115,2010,Derrick Morgan,DE,6-3.0000,266,4.77,4.43,0,34,112,0,Georgia Tech,16,24,26,26
116,2010,Roddrick Muckelroy,OLB,6-2.0000,246,4.68,4.39,0,31,110,19,Texas,131,2,2,1
117,2010,Jerome Murphy,CB,6-1.0000,196,4.5,4.05,0,38,127,16,South Florida,65,3,3,2
118,2010,Marshall Newhouse,OG,6-4.0000,319,4.99,4.6,0,25,97,25,TCU,169,32,30,20
119,2010,Eric Norwood,OLB,6-1.0000,242,4.71,4.23,0,36.5,115,0,South Carolina,124,2,2,2
120,2010,Jared Odrick,DT,6-5.0000,304,5.03,4.59,0,29,106,26,Penn State,28,22,27,20
121,2010,Russell Okung,OT,6-5.0000,307,5.18,0,0,0,0,38,Oklahoma State,6,31,36,36
122,2010,Eric Olsen,OC,6-4.0000,306,5.25,4.82,0,29.5,93,35,Notre Dame,183,3,3,0
123,2010,Akwasi Owusu-Ansah,CB,6-1.0000,207,4.32,4.32,0,35.5,120,0,Indiana (PA),126,1,1,0
124,2010,Corey Peters,DT,6-3.0000,300,4.98,4.76,0,33,98,0,Kentucky,83,27,25,25
125,2010,Mitch Petrus,OG,6-3.0000,310,5.34,0,0,0,0,45,Arkansas,147,4,4,4
126,2010,Jason Pierre-Paul,DE,6-5.0000,270,4.71,4.67,7.18,30.5,115,19,South Florida,15,40,41,41
127,2010,Tony Pike,QB,6-6.0000,223,4.9,4.53,7.06,28.5,108,0,Cincinnati,204,0,0,0
128,2010,Dennis Pitta,TE,6-5.0000,245,4.68,4.17,0,34,113,27,Brigham Young,114,12,12,12
129,2010,Maurkice Pouncey,OC,6-5.0000,304,5.25,4.92,0,0,95,0,Florida,18,51,48,48
130,2010,Brian Price,DT,6-1.0000,303,5.12,0,0,28.5,96,34,UCLA,35,4,4,4
131,2010,Taylor Price,WR,6-1.0000,204,4.4,4.34,6.82,37,114,16,Ohio,90,1,1,1
132,2010,Andrew Quarless,TE,6-5.0000,254,4.68,0,0,32,112,23,Penn State,154,9,9,9
133,2010,David Reed,WR,6-1.0000,191,4.56,4.38,6.95,37,114,15,Utah,156,2,2,2
134,2010,Perry Riley,OLB,6-1.0000,239,4.69,4.25,0,35.5,119,0,LSU,103,25,27,27
135,2010,Andre Roberts,WR,5-11.0000,195,4.4,4.15,6.77,36,120,15,Citadel,88,18,18,14
136,2010,Patrick Robinson,CB,5-11.0000,190,4.46,0,0,39,122,15,Florida State,32,14,17,13
137,2010,Zac Robinson,QB,6-3.0000,214,4.68,4.4,0,35,110,0,Oklahoma State,250,0,0,
138,2010,Myron Rolle,SS,6-2.0000,215,4.59,4.15,0,36,124,21,Florida State,207,0,,
139,2010,Rodger Saffold,OT,6-5.0000,316,5.21,4.67,0,29.5,113,27,Indiana,33,25,25,25
140,2010,Emmanuel Sanders,WR,5-11.0000,186,4.4,4.1,6.64,39.5,126,12,Southern Methodist,82,31,36,14
141,2010,Ricky Sapp,DE,6-4.0000,252,4.65,4.41,7.29,34,114,23,Clemson,134,1,1,
142,2010,Charles Scott,RB,6-1.0000,238,4.68,4.47,0,30.5,111,0,LSU,200,0,,
143,2010,Chris Scott,OG,6-3.0000,319,5.52,5.03,0,22.5,0,19,Tennessee,151,6,6,0
144,2010,George Selvie,DE,6-5.0000,252,4.93,4.63,0,30.5,109,24,South Florida,226,16,17,2
145,2010,Darryl Sharpton,ILB,6-1.0000,236,4.81,4.42,0,0,0,24,Miami (FL),102,11,10,9
146,2010,Cameron Sheffield,OLB,6-3.0000,257,4.92,4.53,0,33,115,0,Troy,142,1,1,1
147,2010,Jordan Shipley,WR,5-11.0000,193,4.6,0,0,36.5,116,16,Texas,84,7,7,5
148,2010,John Skelton,QB,6-6.0000,243,4.85,4.33,0,33.5,108,0,Fordham,155,4,4,4
149,2010,Shelley Smith,OG,6-3.0000,300,5.03,4.71,0,34,112,26,Colorado State,187,7,7,
150,2010,Amari Spievey,CB,5-11.0000,195,4.52,0,0,35,116,0,Iowa,66,12,12,12
151,2010,Brandon Spikes,ILB,6-3.0000,249,5.05,0,0,29,111,0,Florida,62,24,22,18
152,2010,C.J. Spiller,RB,5-11.0000,196,4.27,0,0,0,0,18,Clemson,9,0,34,32
153,2010,James Starks,RB,6-2.0000,218,4.5,4.23,0,36,119,15,Buffalo,193,20,26,26
154,2010,Darrell Stuckey,SS,6-1.0000,205,4.46,0,0,39.5,120,17,Kansas,110,7,8,8
155,2010,Ndamukong Suh,DT,6-4.0000,307,5.03,4.44,0,35.5,105,32,Nebraska,2,65,65,59
156,2010,Stevenson Sylvester,OLB,6-2.0000,231,4.71,0,0,0,0,23,Utah,166,5,5,5
157,2010,Ben Tate,RB,5-11.0000,220,4.34,4.12,0,40.5,124,26,Auburn,58,15,14,12
158,2010,Golden Tate,WR,5-10.0000,199,4.42,4.34,7.12,35,120,17,Notre Dame,60,33,37,20
159,2010,Tim Tebow,QB,6-3.0000,236,4.71,4.17,0,38.5,115,0,Florida,25,12,12,11
160,2010,Matt Tennant,OC,6-5.0000,300,5.15,4.62,0,25,98,27,Boston College,158,3,3,2
161,2010,Cam Thomas,DT,6-4.0000,330,5.16,4.78,0,29,102,31,North Carolina,146,15,16,10
162,2010,Demaryius Thomas,WR,6-3.2500,224,4.38,0,0,0,0,0,Georgia Tech,22,49,53,53
163,2010,Earl Thomas,CB,5-10.0000,202,4.43,0,0,0,113,21,Texas,14,58,61,61
164,2010,Kevin Thomas,CB,6-1.0000,192,4.41,4.18,0,34.5,126,19,USC,94,2,2,2
165,2010,Adrian Tracy,OLB,6-3.0000,248,4.76,4.34,0,35.5,110,20,William & Mary,184,1,1,1
166,2010,Torell Troup,DT,6-3.0000,314,5.12,4.73,0,29,98,34,UCF,41,3,3,3
167,2010,Alterraun Verner,CB,5-10.0000,189,4.52,4.12,0,32,116,11,UCLA,104,31,31,24
168,2010,Jamar Wall,CB,5-10.0000,204,4.52,0,0,0,0,15,Texas Tech,196,0,0,
169,2010,J.D. Walton,OC,6-3.0000,300,5.19,4.69,0,27,101,24,Baylor,80,0,23,15
170,2010,T.J. Ward,SS,5-11.0000,211,4.56,0,0,34,121,19,Oregon,38,0,34,24
171,2010,Daryl Washington,OLB,6-2.0000,230,4.58,0,0,31,114,17,TCU,47,38,36,36
172,2010,Dekoda Watson,OLB,6-2.0000,226,4.55,4.11,0,40,134,24,Florida State,217,10,9,8
173,2010,Sean Weatherspoon,OLB,6-1.0000,239,4.62,4.38,0,40,123,34,Missouri,19,22,22,21
174,2010,Thomas Welch,OT,6-7.0000,307,5.42,4.8,0,29,0,29,Vanderbilt,208,2,2,1
175,2010,Damian Williams,WR,6-1.0000,197,4.52,4.24,6.79,38,118,19,USC,77,10,9,9
176,2010,Dan Williams,DT,6-2.0000,327,5.19,4.87,0,32,96,27,Tennessee,26,25,29,22
177,2010,Kyle Williams,WR,5-10.0000,188,4.4,4.19,7,33,118,11,Arizona State,206,6,6,6
178,2010,Kyle Williams,WR,5-10.0000,188,4.4,4.19,7,33,118,11,Arizona State,206,40,62,62
179,2010,Mike Williams,WR,6-2.0000,221,4.53,4.31,6.9,33.5,116,8,Syracuse,101,27,25,25
180,2010,Mike Williams,WR,6-2.0000,221,4.53,4.31,6.9,33.5,116,8,Syracuse,101,5,12,4
181,2010,Trent Williams,OT,6-5.0000,315,4.81,4.63,0,34.5,113,23,Oklahoma,4,42,50,50
182,2010,C.J. Wilson,DE,6-3.0000,290,4.83,4.77,0,33,116,32,East Carolina,230,0,14,9
183,2010,C.J. Wilson,DE,6-3.0000,290,4.83,4.77,0,33,116,32,East Carolina,230,0,1,1
184,2010,E.J. Wilson,DE,6-3.0000,286,4.97,0,0,29.5,0,23,North Carolina,127,0,0,0
185,2010,Kyle Wilson,CB,5-10.0000,194,4.43,0,0,0,0,25,Boise State,29,14,15,13
186,2010,Al Woods,DT,6-4.0000,309,5.15,4.67,0,37,109,0,LSU,123,6,9,
187,2010,Corey Wootton,DE,6-6.0000,270,4.92,0,0,0,0,20,Northwestern,109,16,15,13
188,2010,Jason Worilds,OLB,6-1.0000,254,4.65,4.29,0,38,114,24,Virginia Tech,52,23,21,21
189,2010,Doug Worthington,DT,6-5.0000,292,5.02,0,0,0,0,19,Ohio State,242,0,0,
190,2010,Major Wright,FS,6-1.0000,206,4.44,4.36,0,37.5,119,14,Florida,75,21,20,17
191,2010,Sam Young,OT,6-8.0000,316,5.2,4.87,0,29.5,104,29,Notre Dame,179,6,8,0
192,2010,Willie Young,DE,6-5.0000,251,4.88,4.56,0,38,118,25,North Carolina State,213,13,17,9
193,2009,Asher Allen,CB,5-10.0000,194,4.48,4.3,0,35,115,22,Georgia,86,9,9,9
194,2009,Stanley Arnoux,ILB,6-1.0000,232,4.56,4.39,0,31.5,121,19,Wake Forest,118,1,1,1
195,2009,Robert Ayers,DE,6-3.0000,272,4.77,4.51,0,29.5,102,18,Tennessee,18,16,20,14
196,2009,Ramses Barden,WR,6-6.0000,229,4.55,4.26,0,33.5,118,17,Cal Poly,85,4,4,4
197,2009,Kevin Barnes,CB,6-1.0000,187,4.45,3.96,0,38.5,128,0,Maryland,80,3,3,3
198,2009,Connor Barwin,OLB,6-4.0000,256,4.59,4.18,0,40.5,128,21,Cincinnati,46,26,40,16
199,2009,Travis Beckum,TE,6-3.0000,239,4.62,0,0,0,0,28,Wisconsin,100,2,2,2
200,2009,Rhett Bomar,QB,6-2.0000,225,4.7,4.06,0,0,106,25,Sam Houston State,151,0,,
201,2009,Ron Brace,DT,6-3.0000,330,5.48,4.73,0,28,99,32,Boston College,40,5,5,5
202,2009,Tom Brandstater,QB,6-5.0000,220,4.87,4.37,0,28.5,106,0,Fresno State,174,0,0,
203,2009,Robert Brewster,OT,6-4.0000,325,5.29,4.75,0,30.5,98,23,Ball State,75,0,0,0
204,2009,Jasper Brinkley,ILB,6-2.0000,252,4.67,4.32,0,35.5,114,26,South Carolina,150,12,20,15
205,2009,Kenny Britt,WR,6-3.0000,218,4.49,4.47,0,37,124,23,Rutgers,30,22,30,20
206,2009,Eben Britton,OT,6-6.0000,309,5.14,4.91,0,28.5,100,24,Arizona,39,17,17,13
207,2009,Andre Brown,RB,6-1.0000,224,4.37,4.33,0,37,115,24,North Carolina State,129,7,7,7
208,2009,Cody Brown,OLB,6-2.0000,244,4.76,4.4,0,36.5,120,26,Connecticut,63,0,,
209,2009,Donald Brown,RB,5-10.0000,210,4.46,4.1,0,41.5,125,0,Connecticut,27,23,25,21
210,2009,Everette Brown,DE,6-2.0000,256,4.65,4.53,0,31.5,114,26,Florida State,43,6,6,5
211,2009,David Bruton,FS,6-2.0000,219,4.4,4.28,0,41.5,132,19,Notre Dame,114,6,9,9
212,2009,Joe Burnett,CB,5-10.0000,192,4.58,4.25,0,35.5,118,22,UCF,168,1,1,1
213,2009,Darius Butler,CB,5-11.0000,183,4.41,4.18,0,43,134,0,Connecticut,41,16,18,6
214,2009,Deon Butler,WR,5-11.0000,182,4.31,4.48,7.01,34.5,118,12,Penn State,91,4,4,4
215,2009,Victor Butler,OLB,6-2.0000,248,4.76,4.4,0,33,113,24,Oregon State,110,6,6,6
216,2009,Demetrius Byrd,WR,6-1.0000,196,4.35,0,0,31.5,117,0,LSU,224,0,,
217,2009,Antoine Caldwell,OC,6-3.0000,309,5.24,5.04,0,28,111,23,Alabama,77,12,11,11
218,2009,Trevor Canfield,OG,6-5.0000,307,5.3,0,0,0,0,29,Cincinnati,254,0,,
219,2009,Don Carey,CB,5-11.0000,192,4.49,0,0,0,0,18,Norfolk State,177,10,10,
220,2009,James Casey,FB,6-3.0000,246,4.74,4.48,0,36,111,28,Rice,152,7,7,7
221,2009,Patrick Chung,SS,5-11.0000,212,4.49,0,0,34,119,25,Oregon,34,16,23,19
222,2009,Chris Clemons,FS,6-1.0000,208,4.33,4.38,0,37.5,127,19,Clemson,165,20,19,19
223,2009,Glen Coffee,RB,6-1.0000,209,4.5,4.51,0,36,121,24,Alabama,74,2,2,2
224,2009,Austin Collie,WR,6-1.0000,200,4.56,4.24,6.78,34,120,17,Brigham Young,127,19,18,17
225,2009,Jared Cook,TE,6-5.0000,246,4.49,0,0,41,123,23,South Carolina,89,21,26,13
226,2009,Aaron Curry,OLB,6-2.0000,254,4.52,4.51,0,37,124,25,Wake Forest,4,18,17,13
227,2009,Brian Cushing,OLB,6-3.0000,243,4.64,4.22,0,35,120,30,USC,15,36,47,47
228,2009,James Davis,RB,5-11.0000,218,4.55,4.37,0,32,109,17,Clemson,195,1,1,0
229,2009,Nate Davis,QB,6-2.0000,226,4.95,0,0,26.5,99,0,Ball State,171,0,,
230,2009,Vontae Davis,CB,5-11.0000,203,4.4,4.07,0,36,125,25,Illinois,25,24,38,11
231,2009,Will Davis,DE,6-2.0000,261,4.84,4.45,0,33,115,27,Illinois,204,3,3,3
232,2009,Louis Delmas,FS,6-1.0000,202,4.52,4.17,0,37,126,12,Western Michigan,33,25,26,23
233,2009,Jarett Dillard,WR,5-10.0000,191,4.52,4.41,7.1,42.5,129,13,Rice,144,3,3,3
234,2009,Davon Drew,TE,6-4.0000,256,4.78,4.56,0,29.5,113,17,East Carolina,149,0,,
235,2009,Dominique Edison,WR,6-2.0000,204,4.43,4.18,7.09,37,120,0,Stephen F. Austin,206,0,0,0
236,2009,Kevin Ellison,OLB,6-1.0000,227,4.8,0,0,0,0,32,USC,189,4,4,4
237,2009,Larry English,OLB,6-2.0000,255,4.82,4.38,0,36,107,24,Northern Illinois,16,7,7,6
238,2009,Paul Fanaika,OG,6-5.0000,327,5.48,0,0,0,0,15,Arizona State,213,7,13,
239,2009,Tony Fiammetta,FB,6-1.0000,245,4.58,4.49,0,34,112,30,Syracuse,128,1,1,0
240,2009,Bradley Fletcher,CB,6-1.0000,196,4.47,4.29,0,38.5,122,20,Iowa,66,20,24,13
241,2009,Moise Fokou,OLB,6-1.0000,233,4.65,4.28,0,31,121,12,Maryland,230,22,20,13
242,2009,Zack Follett,OLB,6-2.0000,236,4.69,0,0,37,117,0,California,235,2,2,2
243,2009,Brooks Foster,WR,6-1.0000,201,4.45,0,0,0,0,27,North Carolina,160,0,,
244,2009,Coye Francies,CB,6-1.0000,185,4.63,4.24,0,36,123,24,San Jose State,191,1,1,0
245,2009,Josh Freeman,QB,6-6.0000,248,4.9,4.43,7.11,33.5,119,0,Kansas State,17,40,38,37
246,2009,Marcus Freeman,OLB,6-1.0000,239,4.65,4.12,0,37,113,30,Ohio State,154,0,,
247,2009,Xavier Fulton,OT,6-4.0000,302,5.01,4.56,0,31,111,27,Illinois,155,0,,
248,2009,Jarron Gilbert,DE,6-5.0000,288,4.81,4.56,0,35.5,119,28,San Jose State,68,0,0,0
249,2009,Cody Glenn,OLB,6-0.0000,244,4.78,0,0,0,0,25,Nebraska,158,2,2,
250,2009,Mike Goodson,RB,6-1.0000,208,4.46,4.22,0,39.5,118,14,Texas A&M,111,7,7,4
251,2009,Tyronne Green,OG,6-2.0000,309,5.4,0,0,0,0,22,Auburn,133,16,15,15
252,2009,Courtney Greene,SS,6-1.0000,212,4.55,4.16,0,34.5,116,21,Rutgers,245,5,5,
253,2009,Shonn Greene,RB,5-11.0000,227,4.62,4.4,0,37,121,19,Iowa,65,23,23,20
254,2009,Dan Gronkowski,TE,6-6.0000,255,4.79,4.26,0,33,122,26,Maryland,255,1,1,0
255,2009,Michael Hamlin,SS,6-2.0000,214,4.57,4.42,0,37.5,117,17,Clemson,166,0,0,0
256,2009,Cary Harris,CB,6-1.0000,187,4.58,0,0,0,0,18,USC,183,1,1,1
257,2009,Nic Harris,OLB,6-3.0000,234,4.86,4.37,0,31.5,109,15,Oklahoma,147,5,5,2
258,2009,Victor Harris,CB,5-11.0000,198,4.68,3.98,0,33.5,118,0,Virginia Tech,157,3,3,3
259,2009,Brian Hartline,WR,6-2.0000,195,4.52,4.12,6.65,34.5,120,0,Ohio State,108,29,32,30
260,2009,Percy Harvin,WR,5-11.0000,192,4.39,0,0,37.5,121,19,Florida,22,41,43,37
261,2009,Darrius Heyward-Bey,WR,6-2.0000,210,4.3,4.18,6.8,38.5,126,16,Maryland,7,20,21,16
262,2009,Anthony Hill,TE,6-5.0000,262,4.84,4.56,0,30.5,107,21,North Carolina State,122,0,0,0
263,2009,Stephen Hodge,OLB,6-1.0000,234,4.59,4.34,0,35,115,22,TCU,197,0,,
264,2009,Evander Hood,DT,6-3.0000,300,4.83,4.55,0,33,108,34,Missouri,32,30,29,28
265,2009,Brandon Hughes,CB,5-11.0000,182,4.4,4.23,0,36.5,128,8,Oregon State,148,2,2,
266,2009,Juaquin Iglesias,WR,6-1.0000,210,4.44,4.4,0,34.5,116,0,Oklahoma,99,0,0,0
267,2009,Cornelius Ingram,TE,6-4.0000,245,4.68,4.53,0,33,0,21,Florida,153,0,,
268,2009,Corvey Irvin,DT,6-3.0000,301,4.96,4.73,0,24.5,97,24,Georgia,93,1,1,0
269,2009,Tyson Jackson,DE,6-4.0000,296,4.94,4.8,0,28.5,102,0,LSU,3,27,33,24
270,2009,Malcolm Jenkins,CB,6-1.0000,204,4.51,4.08,0,33,124,15,Ohio State,14,30,40,26
271,2009,Rashad Jennings,RB,6-1.0000,231,4.59,4.2,0,34,120,29,Liberty,250,16,27,9
272,2009,David Johnson,FB,6-2.0000,260,4.73,4.43,0,32.5,113,21,Arkansas State,241,2,2,2
273,2009,Gartrell Johnson,RB,5-10.0000,219,4.75,0,0,34,114,20,Colorado State,134,0,0,
274,2009,Herman Johnson,OG,6-7.0000,356,5.5,0,0,0,0,21,LSU,167,0,,
275,2009,Michael Johnson,DE,6-7.0000,266,4.69,4.37,0,38.5,128,28,Georgia Tech,70,30,38,34
276,2009,Michael Johnson,DE,6-7.0000,266,4.69,4.37,0,38.5,128,28,Georgia Tech,70,15,14,14
277,2009,Quinn Johnson,FB,6-1.0000,246,4.82,0,0,32,115,16,LSU,145,0,0,0
278,2009,Rashad Johnson,FS,5-11.0000,203,4.49,4.23,0,37,120,15,Alabama,95,12,22,22
279,2009,Terrance Knighton,DT,6-3.0000,321,5.21,4.78,0,28,103,0,Temple,72,30,38,18
280,2009,Johnny Knox,WR,6-1.0000,185,4.29,4.15,6.81,35,122,0,Abilene Christian,140,20,19,19
281,2009,Troy Kropog,OT,6-6.0000,309,5.3,4.84,0,30,100,21,Tulane,135,0,0,0
282,2009,Paul Kruger,DE,6-4.0000,263,4.83,4.47,7.52,32.5,108,24,Utah,57,16,27,8
283,2009,James Laurinaitis,ILB,6-2.0000,244,4.76,4.24,0,33,115,22,Ohio State,35,43,52,52
284,2009,Quinten Lawrence,WR,6-0.0000,184,4.4,0,0,0,0,20,McNeese State,175,0,0,0
285,2009,Andy Levitre,OG,6-3.0000,305,5.33,4.52,0,30.5,103,23,Oregon State,51,37,43,26
286,2009,DeAndre Levy,OLB,6-2.0000,236,4.56,0,0,0,0,19,Wisconsin,76,33,43,43
287,2009,Keenan Lewis,CB,6-1.0000,195,4.47,0,0,33.5,123,19,Oregon State,96,19,23,11
288,2009,Phil Loadholt,OT,6-8.0000,332,5.49,5.06,0,29,95,24,Oklahoma,54,40,40,40
289,2009,Jonathan Luigs,OC,6-4.0000,301,5.14,4.79,0,31,99,26,Arkansas,106,1,1,1
290,2009,Jeremy Maclin,WR,6-1.0000,198,4.45,4.25,7.06,35.5,120,0,Missouri,19,29,45,34
291,2009,Alex Magee,DT,6-3.0000,298,5.03,4.55,0,29.5,103,30,Purdue,67,2,2,1
292,2009,Kaluka Maiava,OLB,6-1.0000,229,4.7,4.2,0,0,110,30,USC,104,13,13,12
293,2009,Sherrod Martin,CB,6-1.0000,198,4.43,3.98,0,36,123,12,Troy,59,15,17,14
294,2009,Mohamed Massaquoi,WR,6-2.0000,210,4.6,4.15,7.07,36.5,127,0,Georgia,50,13,12,12
295,2009,Clay Matthews,OLB,6-3.0000,240,4.62,4.18,0,35.5,121,23,USC,26,56,70,70
296,2009,Rey Maualuga,ILB,6-2.0000,249,4.78,0,0,0,107,23,USC,38,37,44,44
297,2009,Aaron Maybin,DE,6-4.0000,249,4.78,4.38,7.52,38,124,22,Penn State,11,5,5,2
298,2009,Darcel McBath,FS,6-1.0000,198,4.58,4.16,0,38,119,14,Texas Tech,48,3,3,2
299,2009,Stephen McGee,QB,6-3.0000,225,4.61,4.49,0,33,112,0,Texas A&M,101,2,2,2
300,2009,Tyrone McKenzie,OLB,6-2.0000,243,4.76,0,0,0,112,27,South Florida,97,1,1,
301,2009,Scott McKillop,ILB,6-1.0000,244,4.7,4.39,0,35.5,119,27,Pittsburgh,146,2,2,2
302,2009,Kenny McKinley,WR,6-1.0000,189,4.37,4.1,6.96,37,113,0,South Carolina,141,0,0,0
303,2009,Gerald McRath,ILB,6-3.0000,231,4.49,4.35,0,34,123,19,Southern Miss,130,7,7,7
304,2009,Jamon Meredith,OT,6-5.0000,304,4.99,4.82,0,28,105,31,South Carolina,162,12,14,
305,2009,Roy Miller,DT,6-1.0000,310,4.95,4.74,0,32,103,36,Texas,81,23,31,17
306,2009,Marko Mitchell,WR,6-4.0000,218,4.43,4.33,7.04,32,116,9,Nevada,243,0,0,0
307,2009,Fili Moala,DT,6-4.0000,305,5.07,0,0,30.5,100,25,USC,56,19,18,18
308,2009,Eugene Monroe,OT,6-5.0000,309,5.18,4.79,0,28.5,110,23,Virginia,8,30,33,22
309,2009,D.J. Moore,CB,5-10.0000,192,4.56,4.28,0,39.5,118,17,Vanderbilt,119,6,6,6
310,2009,Kyle Moore,DE,6-5.0000,272,4.81,4.47,0,30.5,105,22,USC,117,8,8,5
311,2009,William Moore,SS,6-1.0000,221,4.56,4.26,0,37,123,16,Missouri,55,26,29,29
312,2009,Knowshon Moreno,RB,5-11.0000,217,4.5,4.27,0,35.5,115,25,Georgia,12,34,33,32
313,2009,Cameron Morrah,TE,6-4.0000,244,4.65,4.36,0,32.5,115,24,California,248,2,2,2
314,2009,Ryan Mouton,CB,5-9.0000,187,4.51,0,0,39.5,129,18,Hawaii,94,3,3,3
315,2009,Captain Munnerlyn,CB,5-9.0000,182,4.51,4.2,0,37.5,121,19,South Carolina,216,24,31,21
316,2009,Louis Murphy,WR,6-3.0000,203,4.32,4.45,6.95,34.5,117,12,Florida,124,14,17,10
317,2009,Lydon Murtha,OT,6-7.0000,306,4.82,4.34,0,35,110,25,Nebraska,228,2,2,
318,2009,Shawn Nelson,TE,6-5.0000,240,4.52,4.46,0,33,115,19,Southern Miss,121,1,1,1
319,2009,Hakeem Nicks,WR,6-1.0000,212,4.51,0,0,36,0,0,North Carolina,29,40,40,36
320,2009,Troy Nolan,FS,6-1.0000,206,4.63,4.3,0,31.5,117,12,Arizona State,223,5,5,5
321,2009,Chris Ogbonnaya,RB,6-1.0000,220,4.57,4.29,0,35,111,19,Texas,211,8,8,0
322,2009,Michael Oher,OT,6-5.0000,309,5.34,4.6,0,30.5,103,21,Mississippi,23,36,43,31
323,2009,Seth Olsen,OG,6-5.0000,306,5.23,4.7,0,24.5,90,23,Iowa,132,3,3,0
324,2009,Brian Orakpo,DE,6-3.0000,263,4.63,0,0,39.5,0,31,Texas,13,36,40,36
325,2009,Curtis Painter,QB,6-3.0000,225,4.87,4.48,0,29,102,0,Purdue,201,2,2,2
326,2009,Bear Pascoe,TE,6-5.0000,251,4.96,4.55,0,26.5,107,0,Fresno State,184,3,3,
327,2009,Cedric Peerman,RB,5-10.0000,216,4.34,4.29,0,40,117,27,Virginia,185,3,4,
328,2009,Brandon Pettigrew,TE,6-6.0000,263,4.8,4.37,0,33,118,22,Oklahoma State,20,22,22,22
329,2009,Jason Phillips,ILB,6-1.0000,239,4.6,4.32,0,34,120,20,TCU,137,3,3,1
330,2009,John Phillips,TE,6-6.0000,251,4.78,4.27,0,33.5,112,20,Virginia,208,2,2,2
331,2009,Jerraud Powers,CB,5-9.0000,188,4.51,4.08,0,36.5,122,15,Auburn,92,22,26,14
332,2009,Myron Pryor,DT,6-1.0000,319,5.03,4.75,0,30,107,0,Kentucky,207,1,1,1
333,2009,Glover Quin,FS,5-11.0000,204,4.5,4.43,0,38,119,22,New Mexico,112,29,40,18
334,2009,Richard Quinn,TE,6-4.0000,264,4.88,4.62,0,32.5,119,24,North Carolina,64,0,0,0
335,2009,B.J. Raji,DT,6-2.0000,337,5.12,4.69,0,32,103,33,Boston College,9,30,33,33
336,2009,Garrett Reynolds,OT,6-8.0000,309,5.4,4.88,0,22,94,19,North Carolina,156,14,19,13
337,2009,Darryl Richard,DT,6-3.0000,303,5.08,0,0,25.5,0,17,Georgia Tech,234,0,,
338,2009,Javon Ringer,RB,5-9.0000,205,4.55,4.11,0,34,115,23,Michigan State,173,4,4,4
339,2009,Duke Robinson,OG,6-5.0000,329,5.32,0,0,0,0,0,Oklahoma,163,0,,
340,2009,Brian Robiskie,WR,6-3.0000,209,4.46,4.19,6.72,37.5,0,0,Ohio State,36,3,3,3
341,2009,Mark Sanchez,QB,6-2.0000,227,4.93,4.21,7.06,32.5,116,0,USC,5,29,34,27
342,2009,Jamarca Sanford,SS,5-10.0000,214,4.5,4.2,0,33.5,116,29,Mississippi,231,17,17,16
343,2009,Bernard Scott,RB,5-10.0000,200,4.44,4.08,0,36,125,21,Abilene Christian,209,9,9,9
344,2009,Matt Shaughnessy,DE,6-5.0000,266,4.86,4.88,0,30.5,112,24,Wisconsin,71,22,24,13
345,2009,A.Q. Shipley,OC,6-1.0000,304,5.19,4.4,0,31,100,33,Penn State,226,0,12,
346,2009,Lawrence Sidbury,DE,6-3.0000,266,4.53,4.43,0,35,120,28,Richmond,125,5,5,5
347,2009,Clint Sintim,OLB,6-3.0000,256,4.75,4.4,0,34.5,119,0,Virginia,45,2,2,2
348,2009,Alphonso Smith,CB,5-9.0000,193,4.47,4.38,0,34,125,13,Wake Forest,37,8,8,1
349,2009,DeAngelo Smith,CB,5-11.0000,194,4.5,4.35,0,31.5,109,17,Cincinnati,143,1,1,
350,2009,Jason Smith,OT,6-5.0000,309,5.09,4.69,0,24,96,33,Baylor,2,10,10,9
351,2009,Sean Smith,CB,6-4.0000,214,4.5,4.15,0,34,119,10,Utah,61,26,32,18
352,2009,Matthew Stafford,QB,6-2.0000,225,4.81,4.47,7.06,30.5,107,0,Georgia,1,47,64,64
353,2009,Sammie Stroughter,WR,5-10.0000,189,4.54,4.28,0,30,110,13,Oregon State,233,5,5,5
354,2009,Stryker Sulak,DE,6-5.0000,251,4.63,4.58,0,31,113,22,Missouri,199,0,,
355,2009,Curtis Taylor,FS,6-2.0000,207,4.64,4.23,0,37.5,129,13,LSU,219,1,1,1
356,2009,Terrance Taylor,DT,6-1.0000,306,5.22,5.06,0,30,104,37,Michigan,136,0,,
357,2009,Jaimie Thomas,OG,6-4.0000,323,5.29,0,0,0,0,20,Maryland,236,1,1,1
358,2009,Mike Thomas,WR,5-8.0000,195,4.3,4.28,6.65,40.5,126,0,Arizona,107,22,21,20
359,2009,Morgan Trent,CB,6-1.0000,193,4.5,4.01,0,38,127,23,Michigan,179,4,4,2
360,2009,Fenuki Tupou,OT,6-6.0000,314,5.4,5.02,0,25.5,94,24,Oregon,159,0,,
361,2009,Brandon Underwood,FS,6-1.0000,198,4.5,4.2,0,36.5,125,16,Cincinnati,187,2,2,2
362,2009,Tiquan Underwood,WR,6-1.0000,184,4.31,4.11,6.62,41.5,129,7,Rutgers,253,9,9,1
363,2009,Max Unger,OC,6-5.0000,309,5.26,4.5,0,24.5,93,22,Oregon,49,38,46,38
364,2009,Kraig Urbik,OG,6-5.0000,328,5.37,4.89,0,24,94,29,Wisconsin,79,21,26,
365,2009,Louis Vasquez,OG,6-5.0000,333,5.22,0,0,0,0,39,Texas Tech,78,50,58,25
366,2009,Chip Vaughn,SS,6-2.0000,221,4.42,4.12,0,37,125,21,Wake Forest,116,0,0,
367,2009,David Veikune,DE,6-3.0000,257,4.79,4.46,0,33,110,35,Hawaii,52,1,1,1
368,2009,Vance Walker,DT,6-2.0000,304,5.32,0,0,33,0,29,Georgia Tech,210,16,20,9
369,2009,Mike Wallace,WR,6-1.0000,199,4.28,4.27,0,40,129,14,Mississippi,84,42,48,32
370,2009,Donald Washington,CB,6-1.0000,197,4.5,4.2,0,45,135,9,Ohio State,102,2,2,2
371,2009,Lardarius Webb,CB,5-10.0000,179,4.35,4.1,0,36.5,121,15,Nicholls State,88,24,30,30
372,2009,Pat White,QB,6-1.0000,197,4.55,4.42,0,35,117,0,West Virginia,44,1,1,1
373,2009,Brandon Williams,DE,6-3.0000,261,4.96,4.49,0,33,112,0,Texas Tech,120,0,0,0
374,2009,Brandon Williams,DE,6-3.0000,261,4.96,4.49,0,33,112,0,Texas Tech,120,0,0,0
375,2009,Derrick Williams,WR,6-1.0000,194,4.65,0,0,33,0,15,Penn State,82,0,0,0
376,2009,Eddie Williams,FB,6-1.0000,239,4.79,0,0,0,0,23,Idaho,221,3,3,
377,2009,Javarris Williams,RB,5-10.0000,223,4.51,0,0,33.5,116,25,Tennessee State,212,0,0,0
378,2009,Eric Wood,OC,6-4.0000,310,5.19,4.51,0,30.5,99,30,Louisville,28,29,39,39
379,2009,DeAndre Wright,CB,5-11.0000,198,4.52,4.44,0,34.5,122,17,New Mexico,200,0,,
380,2009,Jarius Wynn,DE,6-3.0000,275,5.01,4.58,0,31.5,107,19,Georgia,182,7,8,5
381,2008,Xavier Adibi,OLB,6-2.0000,232,4.69,4.47,0,30,110,0,Virginia Tech,118,4,4,4
382,2008,Erik Ainge,QB,6-6.0000,225,4.98,4.6,0,21.5,108,0,Tennessee,162,0,,
383,2008,Branden Albert,OG,6-6.0000,309,5.17,4.78,0,26,111,23,Virginia,15,26,40,28
384,2008,Donnie Avery,WR,5-11.0000,192,4.43,3.91,6.3,37.5,126,16,Houston,33,15,21,8
385,2008,Cliff Avril,OLB,6-3.0000,253,4.51,4.51,0,32.5,117,27,Purdue,92,28,43,24
386,2008,Kentwan Balmer,DT,6-5.0000,308,5.29,4.82,0,29,103,33,North Carolina,29,7,7,2
387,2008,Dominique Barber,FS,6-1.0000,210,4.68,4.34,0,34,117,23,Minnesota,173,5,5,5
388,2008,Gary Barnidge,TE,6-6.0000,243,4.61,4.23,0,31,117,22,Louisville,141,3,11,3
389,2008,Josh Barrett,SS,6-2.0000,223,4.34,4.27,0,31.5,121,17,Arizona State,220,3,3,2
390,2008,Earl Bennett,WR,6-1.0000,209,4.48,4.22,0,26,110,15,Vanderbilt,70,18,19,19
391,2008,Martellus Bennett,TE,6-6.0000,259,4.68,4.53,0,34,118,18,Texas A&M,61,13,28,4
392,2008,Kroy Biermann,OLB,6-3.0000,246,4.85,4.56,0,31.5,112,29,Montana,154,19,26,26
393,2008,Alvin Bowen,OLB,6-1.0000,223,4.79,4.3,0,34,119,15,Iowa State,147,0,0,
394,2008,Zackary Bowman,CB,6-1.0000,197,4.39,4.21,0,30.5,122,18,Nebraska,142,10,15,12
395,2008,Cory Boyd,RB,6-1.0000,213,4.52,4.24,0,33.5,118,25,South Carolina,238,0,0,
396,2008,Tyvon Branch,CB,6-1.0000,204,4.31,4.4,0,34,120,19,Connecticut,100,22,23,22
397,2008,Alex Brink,QB,6-2.0000,211,4.96,4.19,0,28,112,0,Washington State,223,0,,
398,2008,Brian Brohm,QB,6-3.0000,230,4.81,4.55,0,30,115,0,Louisville,56,0,0,
399,2008,Duane Brown,OT,6-4.0000,315,5.07,4.52,0,27.5,105,24,Virginia Tech,26,50,62,62
400,2008,Thomas Brown,RB,5-9.0000,204,4.51,0,0,36,128,25,Georgia,172,0,,
401,2008,Red Bryant,DT,6-4.0000,318,5,4.64,0,28,111,20,Texas A&M,121,21,33,27
402,2008,Keenan Burton,WR,6-1.0000,201,4.44,4.2,6.77,38.5,125,10,Kentucky,128,3,3,3
403,2008,Andre Caldwell,WR,6-1.0000,204,4.35,4.11,0,33,124,0,Florida,97,11,12,10
404,2008,Calais Campbell,DE,6-8.0000,290,5.04,4.69,0,29.5,111,16,Miami (FL),50,33,61,61
405,2008,Caleb Campbell,SS,6-2.0000,229,4.57,0,0,0,0,24,Army,218,0,0,0
406,2008,John Carlson,TE,6-5.0000,251,4.88,4.28,0,30.5,113,20,Notre Dame,38,12,16,12
407,2008,Antoine Cason,CB,6-1.0000,191,4.45,4.08,0,35.5,128,20,Arizona,27,23,27,20
408,2008,Jamaal Charles,RB,5-11.0000,200,4.38,4.22,0,30.5,122,0,Texas,73,39,63,63
409,2008,Gosder Cherilus,OT,6-7.0000,314,5.14,4.82,0,23,102,24,Boston College,17,34,49,28
410,2008,Tashard Choice,RB,5-11.0000,215,4.48,0,0,34,119,20,Georgia Tech,122,13,13,10
411,2008,Corey Clark,OT,6-6.0000,315,5.28,4.68,0,23,106,23,Texas A&M,234,0,0,0
412,2008,Anthony Collins,OT,6-5.0000,317,5.54,4.87,0,22.5,97,26,Kansas,112,8,15,11
413,2008,Brad Cottam,TE,6-8.0000,270,4.63,0,0,33,0,24,Tennessee,76,2,2,2
414,2008,Oniel Cousins,OT,6-4.0000,308,5.11,4.8,0,24.5,107,23,UTEP,99,10,9,4
415,2008,Shawn Crable,OLB,6-5.0000,245,4.61,4.55,0,28,111,29,Michigan,78,0,0,0
416,2008,Angelo Craig,OLB,6-4.0000,252,5.07,0,0,30.5,118,21,Cincinnati,244,0,,
417,2008,John David Booty,QB,6-3.0000,218,4.82,4.58,0,22.5,99,0,USC,137,0,,
418,2008,Bruce Davis,OLB,6-3.0000,252,4.78,4.47,0,29,109,19,UCLA,88,0,0,0
419,2008,Fred Davis,TE,6-4.0000,248,4.68,4.68,7.36,33,116,24,USC,48,15,14,14
420,2008,Kellen Davis,TE,6-7.0000,262,4.59,4.38,0,28,118,22,Michigan State,158,5,5,5
421,2008,Thomas DeCoud,FS,6-2.0000,207,4.5,4.27,0,35.5,122,0,California,98,31,36,33
422,2008,Quintin Demps,FS,6-1.0000,206,4.39,0,0,31.5,110,16,UTEP,117,5,17,2
423,2008,Jordon Dizon,OLB,6-1.0000,229,4.71,4.35,0,30.5,118,0,Colorado,45,2,2,2
424,2008,Lionel Dotson,DT,6-4.0000,296,5.38,4.75,0,25,99,0,Arizona,245,0,0,0
425,2008,Harry Douglas,WR,5-11.0000,176,4.51,4.12,0,31,120,0,Louisville,84,17,30,28
426,2008,King Dunlap,OT,6-9.0000,310,5.28,0,0,0,0,21,Auburn,230,12,28,10
427,2008,Chris Ellis,DE,6-4.0000,263,4.71,4.65,0,27,109,0,Virginia Tech,72,2,2,2
428,2008,Sedrick Ellis,DT,6-1.0000,309,5.26,4.73,0,26.5,105,34,USC,7,30,27,27
429,2008,Jerome Felton,FB,6-1.0000,241,4.68,4.46,0,32.5,110,30,Furman,146,2,2,2
430,2008,Derek Fine,TE,6-3.0000,251,4.83,4.19,0,29,115,24,Kansas,132,2,2,2
431,2008,Jermichael Finley,TE,6-5.0000,243,4.82,4.38,0,27.5,117,20,Texas,91,26,27,27
432,2008,Joe Flacco,QB,6-7.0000,236,4.84,4.27,0,28.5,110,0,Delaware,18,61,75,75
433,2008,Brandon Flowers,CB,5-10.0000,189,4.55,0,0,30,117,14,Virginia Tech,35,29,38,32
434,2008,Matt Flynn,QB,6-2.0000,231,4.79,4.34,0,28,109,0,LSU,209,3,8,7
435,2008,Wilrey Fontenot,CB,5-9.0000,171,4.4,4.26,0,34,128,18,Arizona,212,0,,
436,2008,Matt Forte,RB,6-2.0000,217,4.44,4.23,0,33,118,23,Tulane,44,53,75,75
437,2008,Will Franklin,WR,6-1.0000,214,4.37,0,0,34.5,0,0,Missouri,105,1,1,1
438,2008,Pierre Garcon,WR,5-11.8750,210,4.42,4.19,6.9,36.5,125,20,Mount Union,205,31,44,22
439,2008,Vernon Gholston,DE,6-3.0000,266,4.65,4.4,7.12,35.5,125,37,Ohio State,6,8,8,8
440,2008,Breno Giacomini,OT,6-7.0000,303,5.2,4.63,0,22.5,108,23,Louisville,150,12,29,0
441,2008,Mike Gibson,OG,6-4.0000,305,5.27,4.64,0,27,110,31,California,184,3,4,
442,2008,Charles Godfrey,CB,6-1.0000,207,4.43,4.4,0,32.5,121,14,Iowa,67,29,28,28
443,2008,Jonathan Goff,ILB,6-2.0000,245,4.63,4.26,0,31.5,118,28,Vanderbilt,165,9,9,9
444,2008,Tavares Gooden,ILB,6-1.0000,234,4.62,0,0,35,118,22,Miami (FL),71,9,9,7
445,2008,Larry Grant,OLB,6-1.0000,235,4.76,4.22,0,31.5,113,20,Ohio State,214,10,10,4
446,2008,John Greco,OT,6-5.0000,305,5.29,4.82,0,26,108,30,Toledo,65,7,21,2
447,2008,Quentin Groves,OLB,6-3.0000,259,4.53,4.42,0,29.5,120,30,Auburn,52,18,19,4
448,2008,Letroy Guion,DT,6-4.0000,303,5.31,0,0,0,0,26,Florida State,152,10,23,13
449,2008,David Hale,OT,6-6.0000,314,5.27,4.75,0,26,100,25,Weber State,133,1,1,1
450,2008,James Hardy,WR,6-6.0000,217,4.45,4.2,0,31.5,125,18,Indiana,41,1,1,1
451,2008,Justin Harper,WR,6-4.0000,213,4.56,4.43,0,28.5,120,0,Virginia Tech,215,0,0,0
452,2008,Chris Harrington,DE,6-5.0000,264,4.84,0,0,0,117,21,Texas A&M,185,0,0,
453,2008,Marcus Harrison,DT,6-3.0000,317,5.06,0,0,0,0,26,Arkansas,90,6,6,6
454,2008,Mike Hart,RB,5-9.0000,206,4.69,0,0,28,110,23,Michigan,202,3,3,3
455,2008,Derrick Harvey,DE,6-5.0000,271,4.84,4.36,0,28.5,113,31,Florida,8,15,14,14
456,2008,Lavelle Hawkins,WR,5-11.0000,187,4.57,0,0,0,117,14,California,126,7,7,7
457,2008,Nick Hayden,DT,6-4.0000,291,5.14,4.54,0,27,108,34,Wisconsin,181,7,24,6
458,2008,Geno Hayes,OLB,6-1.0000,226,4.64,4.48,0,26.5,116,22,Florida State,175,23,30,19
459,2008,Chad Henne,QB,6-3.0000,230,4.92,4.4,0,25.5,106,0,Michigan,57,22,27,17
460,2008,Marcus Henry,WR,6-4.0000,207,4.55,4.3,0,31.5,126,0,Kansas,171,0,,
461,2008,Jacob Hester,FB,5-11.0000,226,4.61,4.24,0,27.5,111,23,LSU,69,7,6,6
462,2008,Lex Hilliard,FB,5-11.0000,231,4.68,4.2,0,32,122,0,Montana,204,3,3,3
463,2008,Peyton Hillis,FB,6-1.0000,240,4.64,0,0,30.5,117,26,Arkansas,227,20,21,4
464,2008,Chris Horton,SS,6-1.0000,212,4.54,4.35,0,28.5,109,14,UCLA,249,8,8,8
465,2008,Marcus Howard,OLB,6-1.0000,237,4.45,0,0,34.5,0,27,Georgia,161,1,1,1
466,2008,Paul Hubbard,WR,6-3.0000,221,4.49,0,0,29.5,126,0,Wisconsin,191,0,0,
467,2008,Mike Humpal,OLB,6-3.0000,244,4.82,4.25,0,31,119,20,Iowa,188,0,,
468,2008,Kenny Iwebema,DE,6-4.0000,274,4.91,4.75,0,29,109,26,Iowa,116,2,2,2
469,2008,Chevis Jackson,CB,6-1.0000,192,4.52,4.15,0,36,125,13,LSU,68,4,4,4
470,2008,DeSean Jackson,WR,5-10.0000,169,4.35,4.19,6.82,34.5,120,0,California,49,47,60,51
471,2008,Dexter Jackson,WR,5-10.0000,182,4.33,4.38,0,29.5,122,0,Appalachian State,58,0,0,0
472,2008,Lawrence Jackson,DE,6-4.0000,271,4.82,4.4,0,31,108,31,USC,28,15,14,10
473,2008,Mike Jenkins,CB,5-10.0000,197,4.38,4.4,0,34,117,18,South Florida,25,23,27,21
474,2008,Chris Johnson,RB,5-11.0000,197,4.24,0,0,35,0,0,East Carolina,24,61,70,63
475,2008,Jaymar Johnson,WR,5-11.0000,177,4.5,4.18,0,32,118,14,Jackson State,193,0,0,0
476,2008,Josh Johnson,QB,6-3.0000,213,4.53,4.42,0,33.5,110,0,San Diego,160,4,4,4
477,2008,Steve Johnson,WR,6-2.0000,210,4.58,4.26,0,32.5,121,0,Kentucky,224,26,33,29
478,2008,Tyrell Johnson,SS,6-1.0000,207,4.41,0,0,32,127,27,Arkansas State,43,12,12,12
479,2008,Felix Jones,RB,5-10.0000,207,4.44,4.19,0,33.5,124,0,Arkansas,22,28,27,26
480,2008,Jason Jones,DE,6-5.0000,273,4.76,4.32,0,25.5,123,18,Eastern Michigan,54,19,29,15
481,2008,Steve Justice,OC,6-4.0000,293,5.24,4.58,0,21,98,23,Wake Forest,201,1,1,1
482,2008,Stanford Keglar,OLB,6-2.0000,239,4.58,3.98,0,34,126,29,Purdue,134,2,2,2
483,2008,Bryan Kehl,OLB,6-2.0000,242,4.67,4.23,0,34,119,26,Brigham Young,123,7,7,4
484,2008,Brandon Keith,OT,6-5.0000,343,5.27,0,0,26,0,31,Northern Iowa,225,8,8,8
485,2008,Dustin Keller,TE,6-2.0000,242,4.53,4.14,0,38,131,26,Purdue,30,24,22,22
486,2008,Justin King,CB,5-11.0000,192,4.31,4.31,0,34,127,14,Penn State,101,10,10,9
487,2008,Kendall Langford,DE,6-6.0000,287,4.95,4.69,0,27,114,24,Hampton,66,32,42,21
488,2008,Spencer Larsen,ILB,6-2.0000,238,4.85,4.55,0,28.5,113,27,Arizona,183,3,3,3
489,2008,Trevor Laws,DT,6-1.0000,304,5.09,4.49,0,30.5,103,35,Notre Dame,47,7,7,7
490,2008,Patrick Lee,CB,6-1.0000,200,4.41,4.3,0,31,120,15,Auburn,60,4,4,2
491,2008,Kory Lichtensteiger,OC,6-2.0000,298,5.25,4.56,0,23,104,0,Bowling Green,108,18,31,1
492,2008,Curtis Lofton,ILB,6-1.0000,246,4.79,4.56,0,24.5,105,23,Oklahoma,37,39,51,28
493,2008,Chris Long,DE,6-3.0000,272,4.75,4.21,0,34,124,0,Virginia,2,34,42,42
494,2008,Jake Long,OT,6-7.0000,313,5.22,4.73,0,27.5,102,37,Michigan,1,50,53,46
495,2008,Dwight Lowery,CB,5-11.0000,201,4.54,4.38,0,33.5,116,16,San Jose State,113,21,30,8
496,2008,Mario Manningham,WR,6-1.0000,181,4.59,4.27,0,32,117,16,Michigan,95,24,23,18
497,2008,Jerod Mayo,ILB,6-1.0000,242,4.54,4.29,0,32,114,0,Tennessee,10,46,52,52
498,2008,Darren McFadden,RB,6-1.0000,211,4.33,0,0,33,128,0,Arkansas,4,30,39,32
499,2008,Mike McGlynn,OG,6-4.0000,311,5.38,4.72,0,23,101,30,Pittsburgh,109,17,29,8
500,2008,Leodis McKelvin,CB,5-10.0000,190,4.38,4.1,0,33.5,121,17,Troy,11,18,27,27
501,2008,Rashard Mendenhall,RB,5-10.0000,225,4.41,4.18,0,33.5,117,26,Illinois,23,28,29,26
502,2008,Antwaun Molden,CB,6-1.0000,198,4.39,4.14,0,37.5,129,23,Eastern Kentucky,79,4,4,2
503,2008,Marcus Monk,WR,6-4.0000,222,4.56,4.3,7.08,34.5,119,9,Arkansas,248,0,,
504,2008,Dre Moore,DT,6-4.0000,305,4.84,4.55,0,28,105,31,Maryland,115,1,1,1
505,2008,DaJuan Morgan,FS,6-1.0000,205,4.5,4.41,0,33,119,21,North Carolina State,82,3,3,3
506,2008,Shawn Murphy,OG,6-4.0000,320,5.38,4.89,0,21.5,100,29,Utah State,110,0,0,
507,2008,Jordy Nelson,WR,6-3.0000,217,4.51,4.35,7.03,31,123,0,Kansas State,36,33,56,56
508,2008,Carl Nicks,OT,6-5.0000,341,5.22,4.68,0,25.5,109,31,Nebraska,164,56,53,49
509,2008,Frank Okam,DT,6-5.0000,347,5.32,4.95,0,23,104,32,Texas,151,3,3,0
510,2008,Xavier Omon,RB,5-11.0000,228,4.52,0,0,31,112,17,Northwest Missouri State,179,0,0,0
511,2008,Jeff Otah,OT,6-6.0000,322,5.55,0,0,22.5,102,27,Pittsburgh,19,14,13,13
512,2008,Jalen Parmele,RB,6-1.0000,224,4.47,4.29,0,34,125,19,Toledo,176,1,1,
513,2008,Kenny Phillips,FS,6-2.0000,212,4.48,4.27,0,32.5,121,19,Miami (FL),31,16,16,15
514,2008,Mike Pollak,OC,6-4.0000,301,4.99,4.47,0,25,110,29,Arizona State,59,24,27,22
515,2008,Tracy Porter,CB,5-11.0000,188,4.37,4.07,0,34,123,18,Indiana,40,19,26,14
516,2008,Carlton Powell,DT,6-2.0000,292,5.1,4.87,0,22.5,108,23,Virginia Tech,148,0,0,
517,2008,DeMario Pressley,DT,6-3.0000,301,5.09,0,0,25.5,100,28,North Carolina State,144,1,1,1
518,2008,Chilo Rachal,OG,6-5.0000,315,5.16,5.14,0,25.5,108,28,USC,39,24,22,19
519,2008,Ray Rice,RB,5-8.0000,199,4.42,4.2,0,31.5,119,23,Rutgers,55,66,64,64
520,2008,Jamey Richard,OC,6-5.0000,295,5.22,4.69,0,26.5,107,22,Buffalo,236,10,10,10
521,2008,Barry Richardson,OT,6-7.0000,320,5.45,5.16,0,25.5,100,24,Clemson,170,20,19,12
522,2008,Chad Rinehart,OG,6-5.0000,320,5.42,4.56,0,28.5,106,26,Northern Iowa,96,10,22,2
523,2008,Kevin Robinson,WR,6-1.0000,202,4.69,4.77,0,27.5,115,0,Utah State,182,0,0,0
524,2008,Dominique Rodgers-Cromartie,CB,6-2.0000,184,4.29,4.17,0,38.5,131,17,Tennessee State,16,29,43,19
525,2008,Eddie Royal,WR,5-10.0000,184,4.39,4.34,0,36,124,24,Virginia Tech,42,23,33,19
526,2008,Ahtyba Rubin,DT,6-3.0000,315,5.2,5,0,28,106,35,Iowa State,190,29,44,35
527,2008,Matt Ryan,QB,6-5.0000,228,4.89,4.51,0,0,0,0,Boston College,3,73,96,96
528,2008,Tom Santi,TE,6-4.0000,250,4.8,4.27,0,36,121,14,Virginia,196,2,2,2
529,2008,Orlando Scandrick,CB,5-10.0000,192,4.32,0,0,33.5,125,0,Boise State,143,11,19,19
530,2008,Owen Schmitt,FB,6-2.0000,247,4.73,0,0,0,0,26,West Virginia,163,1,1,0
531,2008,Roy Schuening,OG,6-4.0000,306,5.29,0,0,25,0,26,Oregon State,157,0,0,0
532,2008,Geoff Schwartz,OT,6-6.0000,332,5.36,4.79,0,20.5,98,0,Oregon,241,8,16,6
533,2008,Arman Shields,WR,6-1.0000,194,4.37,3.96,0,37.5,128,19,Richmond,125,0,,
534,2008,Jerome Simpson,WR,6-2.0000,199,4.42,4.52,7.08,37.5,136,0,Coastal Carolina,46,11,17,7
535,2008,Pat Sims,DT,6-2.0000,310,5.06,0,0,27,0,20,Auburn,77,16,23,15
536,2008,Steve Slaton,RB,5-9.0000,197,4.45,0,0,33.5,118,19,West Virginia,89,20,20,20
537,2008,Bryan Smith,OLB,6-3.0000,231,4.74,4.4,0,32.5,120,17,McNeese State,80,1,1,
538,2008,Kevin Smith,RB,6-1.0000,217,4.53,4.49,0,32,120,0,UCF,64,20,19,19
539,2008,Marcus Smith,WR,6-2.0000,221,4.51,4.42,0,26.5,111,20,New Mexico,106,0,0,0
540,2008,Craig Stevens,TE,6-3.0000,254,4.59,4.31,0,27.5,114,27,California,85,4,5,5
541,2008,Jonathan Stewart,RB,5-10.0000,235,4.46,0,0,36.5,128,28,Oregon,13,32,43,43
542,2008,John Sullivan,OC,6-4.0000,301,5.35,4.55,0,30,103,21,Notre Dame,187,32,41,41
543,2008,Limas Sweed,WR,6-4.0000,215,4.48,0,0,35,0,0,Texas,53,1,1,1
544,2008,Aqib Talib,CB,6-1.0000,202,4.44,4.25,0,38,131,10,Kansas,20,23,46,16
545,2008,Jacob Tamme,TE,6-4.0000,236,4.58,4.27,0,30,109,18,Kentucky,127,12,19,7
546,2008,Devin Thomas,WR,6-2.0000,215,4.4,4.26,0,28,126,0,Michigan State,34,4,4,4
547,2008,Donald Thomas,OG,6-4.0000,303,5,4.78,0,24.5,100,28,Connecticut,195,14,14,6
548,2008,Marcus Thomas,RB,6-1.0000,213,4.59,0,0,30,116,21,UTEP,166,0,0,
549,2008,Marcus Thomas,RB,6-1.0000,213,4.59,0,0,30,116,21,UTEP,166,15,14,14
550,2008,Terrell Thomas,CB,6-1.0000,202,4.45,0,0,30.5,123,14,USC,63,15,17,17
551,2008,Jeremy Thompson,DE,6-5.0000,264,4.75,4.23,0,32,117,25,Wake Forest,102,1,1,1
552,2008,Ryan Torain,RB,6-1.0000,222,4.61,0,0,34,120,21,Arizona State,139,5,5,0
553,2008,DeJuan Tribble,CB,5-9.0000,189,4.59,0,0,32,114,13,Boston College,192,0,,
554,2008,Justin Tryon,CB,5-9.0000,190,4.42,4.28,0,32.5,119,21,Arizona State,124,7,7,3
555,2008,Mario Urrutia,WR,6-6.0000,232,4.59,4.44,0,30,115,0,Louisville,246,0,,
556,2008,Cody Wallace,OC,6-4.0000,296,5.3,4.55,0,30.5,113,26,Texas A&M,107,1,13,0
557,2008,Terrence Wheatley,CB,5-10.0000,187,4.37,4.2,0,36.5,128,17,Colorado,62,1,1,1
558,2008,Philip Wheeler,ILB,6-2.0000,248,4.76,4.29,0,31,118,24,Georgia Tech,93,19,28,10
559,2008,Jonathan Wilhite,CB,5-10.0000,185,4.38,0,0,33.5,119,20,Auburn,129,10,9,8
560,2008,Chris Williams,OT,6-6.0000,315,5.13,4.85,0,25,103,21,Vanderbilt,14,18,25,17
561,2008,Jack Williams,CB,5-9.0000,186,4.43,0,0,35.5,121,19,Kent State,119,2,2,2
562,2008,Thomas Williams,ILB,6-1.0000,238,4.86,0,0,29.5,113,26,USC,155,1,1,0
563,2008,Trae Williams,CB,5-9.0000,193,4.51,0,0,29.5,110,0,South Florida,159,0,,
564,2008,Tom Zbikowski,SS,5-11.0000,211,4.44,0,0,0,0,24,Notre Dame,86,12,11,7
565,2008,Jeremy Zuttah,OT,6-4.0000,303,4.99,4.54,0,26.5,107,35,Rutgers,83,28,41,30
566,2007,Victor Abiamiri,DE,6-4.0000,267,4.8,0,0,0,0,25,Notre Dame,57,5,5,5
567,2007,Gaines Adams,DE,6-5.0000,258,4.64,4.36,7.17,35,119,0,Clemson,4,18,17,16
568,2007,Gerald Alexander,FS,6-1.0000,210,4.51,4.21,0,41,124,15,Boise State,61,11,11,6
569,2007,Rufus Alexander,OLB,6-1.0000,228,4.79,4.3,0,35,117,25,Oklahoma,176,0,0,0
570,2007,Jay Alford,DT,6-4.0000,304,5.17,4.83,0,25.5,103,0,Penn State,81,4,4,4
571,2007,Michael Allan,TE,6-6.0000,255,4.71,4.52,0,36,123,19,Whitworth,231,0,,
572,2007,Andy Alleman,OG,6-4.0000,305,5.07,4.65,0,30,106,27,Akron,88,5,5,
573,2007,Aundrae Allison,WR,6-1.0000,198,4.39,4.25,6.81,37,127,0,East Carolina,146,3,3,3
574,2007,Deon Anderson,FB,5-11.0000,243,4.73,4.43,0,33,114,23,Connecticut,195,1,1,1
575,2007,Baraka Atkins,DE,6-5.0000,271,4.69,0,0,33,111,22,Miami (FL),120,2,2,2
576,2007,Dallas Baker,WR,6-3.0000,208,4.53,4.19,6.69,36,129,14,Florida,227,0,0,0
577,2007,Allen Barbre,OT,6-4.0000,300,4.84,4.63,0,32,105,28,Missouri Southern State,119,7,14,6
578,2007,Antwan Barnes,DE,6-1.0000,240,4.43,4.32,0,35,122,31,Florida International,134,7,9,2
579,2007,Dan Bazuin,DE,6-3.0000,266,4.77,4.75,0,30,109,25,Central Michigan,62,0,,
580,2007,Jon Beason,OLB,6-1.0000,237,4.72,0,0,0,111,19,Miami (FL),25,49,55,47
581,2007,John Beck,QB,6-2.0000,215,4.75,4.17,0,29.5,111,0,Brigham Young,40,4,4,2
582,2007,Josh Beekman,OG,6-2.0000,313,5.36,4.81,0,25.5,93,24,Boston College,130,10,10,10
583,2007,Fred Bennett,CB,6-1.0000,196,4.46,4.3,0,38.5,123,17,South Carolina,123,8,8,8
584,2007,Desmond Bishop,ILB,6-2.0000,239,4.78,0,0,0,0,33,California,192,21,21,20
585,2007,Quincy Black,OLB,6-2.0000,240,4.42,4.34,0,41.5,124,24,New Mexico,68,19,20,20
586,2007,Justin Blalock,OG,6-3.0000,320,5.1,4.72,0,28.5,101,40,Texas,39,42,57,57
587,2007,Lorenzo Booker,RB,5-11.0000,191,4.46,0,0,35.5,121,26,Florida State,71,4,4,3
588,2007,Kevin Boss,TE,6-7.0000,252,4.78,4.41,0,35,116,0,Western Oregon,153,17,16,13
589,2007,Dwayne Bowe,WR,6-2.0000,221,4.51,4.35,6.81,33,125,0,LSU,23,38,49,49
590,2007,Stewart Bradley,OLB,6-4.0000,254,4.72,4.17,0,35.5,112,28,Nebraska,87,19,19,16
591,2007,Ahmad Bradshaw,RB,5-10.0000,198,4.55,4.09,0,34,112,0,Marshall,250,28,42,36
592,2007,Alan Branch,DT,6-6.0000,324,5.07,0,0,27.5,107,33,Michigan,33,14,34,4
593,2007,Steve Breaston,WR,6-1.0000,193,4.46,4.29,0,33,124,0,Michigan,142,28,26,22
594,2007,Levi Brown,OT,6-6.0000,323,5.4,4.89,0,25.5,97,31,Penn State,5,0,0,0
595,2007,Levi Brown,OT,6-6.0000,323,5.4,4.89,0,25.5,97,31,Penn State,5,34,33,33
596,2007,Tarell Brown,CB,5-11.0000,190,4.45,4.37,0,33.5,111,17,Texas,147,15,26,21
597,2007,Prescott Burgess,OLB,6-4.0000,240,4.82,4.31,0,32.5,106,19,Michigan,207,3,3,3
598,2007,Adam Carriker,DE,6-6.0000,296,4.9,4.18,0,33.5,110,33,Nebraska,13,24,23,9
599,2007,Scott Chandler,TE,6-7.0000,270,4.78,4.32,0,30,111,16,Iowa,129,3,18,0
600,2007,Thomas Clayton,RB,5-10.0000,218,4.63,0,0,36.5,121,23,Kansas State,186,0,,
601,2007,David Clowney,WR,6-1.0000,188,4.36,4.15,0,32.5,123,0,Virginia Tech,157,3,3,
602,2007,Michael Coe,CB,6-1.0000,190,4.53,4.31,0,35,122,17,Alabama State,173,2,3,1
603,2007,Joe Cohen,DT,6-3.0000,313,5.1,0,0,26,0,34,Florida,135,1,1,
604,2007,Tim Crowder,DE,6-4.0000,272,4.69,4.32,0,30.5,111,32,Texas,56,12,11,2
605,2007,Kenneth Darby,RB,5-11.0000,211,4.75,4.53,0,30,108,19,Alabama,246,4,4,0
606,2007,Doug Datish,OC,6-4.0000,302,5.13,4.65,0,26,102,31,Ohio State,198,0,,
607,2007,Buster Davis,ILB,5-10.0000,239,4.64,4.37,0,31,104,24,Florida State,69,2,2,
608,2007,Chris Davis,WR,5-10.0000,181,4.5,4.14,0,35.5,115,0,Florida State,128,0,0,0
609,2007,Chris Denman,OT,6-7.0000,315,5.62,4.92,0,27.5,97,21,Fresno State,214,0,,
610,2007,Zak DeOssie,ILB,6-5.0000,250,4.58,4.22,0,34.5,122,26,Brown,116,9,11,11
611,2007,Justin Durant,ILB,6-1.0000,230,4.51,4.09,0,36,121,25,Hampton,48,26,36,16
612,2007,Trent Edwards,QB,6-4.0000,231,4.76,4.46,0,0,0,19,Stanford,92,18,17,16
613,2007,Yamon Figurs,WR,5-11.0000,174,4.3,4.21,0,0,123,0,Kansas State,74,2,2,2
614,2007,Joel Filani,WR,6-2.0000,211,4.57,0,0,32.5,117,17,Texas Tech,188,0,,
615,2007,Jacob Ford,DE,6-4.0000,249,4.65,0,0,0,0,19,Central Arkansas,204,9,9,9
616,2007,Eric Frampton,SS,5-11.0000,204,4.61,4.17,0,34.5,122,10,Washington State,165,5,5,
617,2007,Doug Free,OT,6-6.0000,324,5.19,4.53,0,30,111,22,Northern Illinois,122,21,43,43
618,2007,Dustin Fry,OC,6-3.0000,315,5.28,0,0,0,0,34,Clemson,139,0,0,0
619,2007,Brandon Frye,OT,6-4.0000,301,5.08,4.4,0,32.5,103,34,Virginia Tech,163,2,2,
620,2007,C.J. Gaddis,FS,6-1.0000,203,4.45,4.3,0,36.5,121,20,Clemson,159,0,,
621,2007,Josh Gattis,FS,6-1.0000,206,4.51,4.27,0,34.5,121,22,Wake Forest,150,0,0,
622,2007,Dashon Goldson,FS,6-2.0000,205,4.6,4.46,0,34.5,115,12,Washington,126,27,46,35
623,2007,Anthony Gonzalez,WR,6-1.0000,193,4.44,4.08,6.54,38,123,16,Ohio State,32,16,16,16
624,2007,Michael Griffin,SS,6-1.0000,202,4.45,4.1,0,36,120,16,Texas,19,39,51,51
625,2007,Ben Grubbs,OG,6-3.0000,311,5.18,4.72,0,26.5,103,29,Auburn,29,33,54,26
626,2007,Leon Hall,CB,5-11.0000,193,4.39,4.07,0,37.5,125,15,Michigan,18,39,49,49
627,2007,Justin Harrell,DT,6-5.0000,300,5.04,4.79,0,30.5,108,24,Tennessee,16,2,2,2
628,2007,Clark Harris,TE,6-6.0000,261,4.8,4.4,0,32,112,21,Rutgers,243,4,6,
629,2007,David Harris,ILB,6-2.0000,243,4.59,4.29,0,33,107,23,Michigan,47,54,77,77
630,2007,Leroy Harris,OC,6-3.0000,302,5.35,4.8,0,24.5,96,29,North Carolina State,115,19,21,21
631,2007,Ryan Harris,OT,6-5.0000,305,5.09,4.52,0,25.5,100,22,Notre Dame,70,17,34,22
632,2007,Mario Henderson,OT,6-7.0000,302,5.11,4.87,0,28.5,109,20,Florida State,91,11,11,11
633,2007,Chris Henry,RB,5-11.0000,230,4.4,4.16,0,36,127,26,Arizona,50,1,1,1
634,2007,Chris Henry,RB,5-11.0000,230,4.4,4.16,0,36,127,26,Arizona,50,17,16,16
635,2007,Jason Hill,WR,6-1.0000,204,4.32,4.22,7.02,37,123,11,Washington State,76,10,9,4
636,2007,Corey Hilliard,OT,6-5.0000,308,5.29,4.65,0,27,106,28,Oklahoma State,209,5,9,
637,2007,Chris Houston,CB,5-10.0000,185,4.32,4.12,0,36,122,27,Arkansas,41,28,33,14
638,2007,Nate Ilaoa,RB,5-9.0000,245,4.77,4.42,0,30,103,25,Hawaii,236,0,,
639,2007,David Irons,CB,5-10.0000,190,4.44,4.3,0,29.5,111,11,Auburn,194,1,1,1
640,2007,Kenny Irons,RB,5-11.0000,203,4.45,4.17,0,38,123,0,Auburn,49,0,,
641,2007,Brandon Jackson,RB,5-10.0000,210,4.54,4.14,0,37,122,21,Nebraska,63,17,16,16
642,2007,Keith Jackson,DT,6-1.0000,305,5.05,4.56,0,30,0,33,Arkansas,248,0,,
643,2007,Tanard Jackson,FS,6-1.0000,200,4.52,4.28,0,32.5,121,12,Syracuse,106,26,24,24
644,2007,Antonio Johnson,DT,6-3.0000,310,5.15,4.49,0,29,108,28,Mississippi State,152,19,21,3
645,2007,Calvin Johnson,WR,6-5.0000,239,4.35,0,0,42.5,139,0,Georgia Tech,2,48,78,78
646,2007,Charles Johnson,DE,6-2.0000,270,4.84,0,0,34,118,33,Georgia,83,19,41,41
647,2007,Michael Johnson,SS,6-3.0000,205,4.62,4.32,0,33,114,15,Arizona,224,30,38,34
648,2007,Michael Johnson,SS,6-3.0000,205,4.62,4.32,0,33,114,15,Arizona,224,15,14,14
649,2007,Jacoby Jones,WR,6-3.0000,210,4.5,4.31,7.03,34,129,0,Lane,73,21,30,18
650,2007,James Jones,WR,6-1.0000,207,4.54,4.2,0,34,119,22,San Jose State,78,28,45,42
651,2007,Ryan Kalil,OC,6-3.0000,299,4.96,4.34,0,26,104,34,USC,59,38,66,66
652,2007,Adam Koets,OT,6-5.0000,298,5.08,4.47,0,32,106,20,Oregon State,189,2,2,2
653,2007,Kevin Kolb,QB,6-3.0000,218,4.85,4.44,0,32.5,112,0,Houston,36,10,12,4
654,2007,LaRon Landry,FS,6-1.0000,213,4.35,0,0,37.5,123,0,LSU,6,28,37,24
655,2007,Brian Leonard,RB,6-2.0000,226,4.52,4.22,0,34.5,122,28,Rutgers,52,8,11,3
656,2007,Marshawn Lynch,RB,5-11.0000,215,4.46,4.58,0,35.5,125,20,California,12,36,68,16
657,2007,James Marten,OT,6-8.0000,309,5.08,4.54,0,30.5,100,0,Boston College,67,0,0,
658,2007,Ryan McBean,DT,6-5.0000,286,4.98,4.46,0,28,108,27,Oklahoma State,132,11,11,0
659,2007,Trumaine McBride,CB,5-9.0000,185,4.57,4.32,0,34.5,122,14,Mississippi,221,7,14,6
660,2007,Turk McBride,DT,6-3.0000,277,4.81,4.12,0,31,108,27,Tennessee,54,13,13,6
661,2007,Marcus McCauley,CB,6-1.0000,203,4.39,4.17,0,36,129,17,Fresno State,72,5,5,5
662,2007,Brandon McDonald,CB,5-11.0000,181,4.58,4.76,0,33,118,17,Memphis,140,15,15,12
663,2007,Robert Meachem,WR,6-2.0000,214,4.39,4.31,6.97,37.5,121,0,Tennessee,27,25,26,25
664,2007,Brandon Mebane,DT,6-1.0000,309,5.15,4.65,0,24,106,24,California,85,33,53,53
665,2007,Brandon Meriweather,FS,5-11.0000,195,4.47,4.33,0,35,111,11,Miami (FL),24,25,33,22
666,2007,Zach Miller,TE,6-5.0000,256,4.87,4.42,0,34,115,0,Arizona State,38,4,8,4
667,2007,Zach Miller,TE,6-5.0000,256,4.87,4.42,0,34,115,0,Arizona State,38,23,29,19
668,2007,Martrez Milner,TE,6-4.0000,252,4.79,4.49,0,34,117,19,Georgia,133,0,0,0
669,2007,Marvin Mitchell,ILB,6-3.0000,249,4.87,4.25,0,32,108,22,Tennessee,220,8,12,5
670,2007,Jay Moore,DE,6-5.0000,274,4.92,4.35,0,34,118,26,Nebraska,104,0,,
671,2007,Drew Mormino,OC,6-3.0000,299,5.32,4.53,0,28,105,27,Central Michigan,199,0,,
672,2007,Quentin Moses,DE,6-5.0000,261,4.82,4.53,0,32,115,17,Georgia,65,5,5,
673,2007,Jarvis Moss,DE,6-7.0000,250,4.7,0,0,30.5,120,16,Florida,17,3,3,2
674,2007,Legedu Naanee,WR,6-2.0000,225,4.41,0,0,40,119,19,Boise State,172,14,13,8
675,2007,Reggie Nelson,FS,6-1.0000,198,4.48,0,0,34.5,0,0,Florida,21,29,54,12
676,2007,Stephen Nicholas,OLB,6-2.0000,232,4.64,4.45,0,33.5,110,29,South Florida,109,19,27,27
677,2007,Chad Nkang,SS,6-1.0000,220,4.52,4.34,0,36.5,118,23,Elon,251,1,1,1
678,2007,Uche Nwaneri,OG,6-3.0000,325,5.37,0,0,0,0,24,Purdue,149,30,36,36
679,2007,Amobi Okoye,DT,6-2.0000,302,5.07,0,0,30,111,29,Louisville,10,25,24,21
680,2007,Michael Okwo,ILB,6-1.0000,232,4.7,4.43,0,35.5,121,20,Stanford,94,0,,
681,2007,Greg Olsen,TE,6-6.0000,254,4.51,4.48,0,35.5,114,23,Miami (FL),31,22,48,12
682,2007,Jordan Palmer,QB,6-6.0000,231,4.98,4.58,0,30.5,104,0,UTEP,205,0,0,
683,2007,Ben Patrick,TE,6-3.0000,252,4.74,4.31,0,34.5,111,0,Delaware,215,4,4,4
684,2007,Kevin Payne,FS,6-1.0000,220,4.6,4.3,0,35,106,20,Louisiana-Monroe,167,11,11,11
685,2007,Adrian Peterson,RB,6-2.0000,217,4.4,4.4,0,38.5,127,0,Oklahoma,7,58,88,88
686,2007,Sabby Piscitelli,SS,6-3.0000,224,4.47,3.9,0,34.5,122,19,Oregon State,64,11,11,10
687,2007,Quinn Pitcock,DT,6-3.0000,299,4.93,0,0,34,112,0,Ohio State,98,2,2,2
688,2007,Antonio Pittman,RB,5-11.0000,207,4.4,4.16,0,35.5,123,16,Ohio State,107,3,3,
689,2007,Paul Posluszny,OLB,6-2.0000,238,4.7,4.2,0,37,116,22,Penn State,34,31,50,17
690,2007,Brady Quinn,QB,6-3.0000,232,4.73,0,0,0,0,24,Notre Dame,22,3,2,3
691,2007,Manuel Ramirez,OG,6-3.0000,326,5.24,0,0,0,0,40,Texas Tech,117,6,32,8
692,2007,Sidney Rice,WR,6-4.0000,200,4.51,4.34,7.09,39.5,119,0,South Carolina,44,25,33,20
693,2007,Jay Richardson,DE,6-6.0000,279,5,4.54,0,33,112,20,Ohio State,138,14,13,13
694,2007,Laurent Robinson,WR,6-2.0000,199,4.38,4.28,6.83,39,127,19,Illinois State,75,15,16,3
695,2007,Ryne Robinson,WR,5-9.0000,179,4.47,4.21,0,35,123,0,Miami (OH),118,0,0,0
696,2007,Brian Robison,DE,6-3.0000,259,4.67,4.26,0,40.5,121,27,Texas,102,14,37,37
697,2007,Dante Rosario,TE,6-3.0000,244,4.78,4.47,0,36,115,20,Oregon,155,8,9,6
698,2007,Aaron Ross,CB,6-1.0000,193,4.44,4.15,0,34,118,17,Texas,20,19,21,19
699,2007,Aaron Rouse,SS,6-4.0000,223,4.58,0,0,35,0,16,Virginia Tech,89,8,8,5
700,2007,Jeff Rowe,QB,6-5.0000,226,4.91,4.15,0,29.5,114,0,Nevada,151,0,0,0
701,2007,JaMarcus Russell,QB,6-6.0000,265,4.83,0,0,0,0,0,LSU,1,6,6,6
702,2007,Clifton Ryan,DT,6-2.0000,305,5.12,4.69,0,26.5,102,25,Michigan State,154,13,13,13
703,2007,Dan Santucci,OG,6-4.0000,301,5.13,4.74,0,29,102,23,Notre Dame,230,0,0,0
704,2007,Dallas Sartz,OLB,6-5.0000,237,4.71,4.13,0,33.5,111,20,USC,143,0,,
705,2007,Samson Satele,OC,6-3.0000,300,5.24,4.29,0,33,101,25,Hawaii,60,35,48,24
706,2007,Derek Schouman,FB,6-2.0000,247,4.74,4.27,0,37.5,122,27,Boise State,222,2,2,2
707,2007,Ken Shackleford,OT,6-5.0000,322,5.3,5.05,0,24.5,102,28,Georgia,190,0,,
708,2007,Tim Shaw,OLB,6-2.0000,236,4.51,4.12,0,36.5,116,26,Penn State,164,6,7,1
709,2007,Brandon Siler,ILB,6-2.0000,241,4.62,0,0,30.5,109,0,Florida,240,11,12,10
710,2007,Kelvin Smith,ILB,6-2.0000,240,4.8,4.42,0,32,110,26,Syracuse,219,0,0,0
711,2007,Kolby Smith,RB,5-11.0000,220,4.5,4.34,0,38,114,18,Louisville,148,4,4,4
712,2007,Ryan Smith,CB,5-10.0000,174,4.51,0,0,0,0,11,Florida,206,0,,
713,2007,Steve Smith,WR,6-1.0000,197,4.44,4.19,6.68,38,120,0,USC,51,23,23,21
714,2007,Jason Snelling,FB,5-11.0000,230,4.79,4.38,0,30,111,0,Virginia,244,17,21,21
715,2007,Paul Soliai,DT,6-4.0000,344,5.1,4.69,0,29.5,103,0,Utah,108,20,40,32
716,2007,Anthony Spencer,DE,6-3.0000,261,4.7,4.43,0,32.5,112,30,Purdue,26,26,33,33
717,2007,Joe Staley,OT,6-6.0000,306,4.78,0,0,0,0,27,Central Michigan,28,33,65,65
718,2007,Drew Stanton,QB,6-3.0000,226,4.75,4.41,0,30.5,108,0,Michigan State,43,4,9,4
719,2007,Cameron Stephenson,OG,6-3.0000,306,5.4,4.81,0,28.5,101,34,Rutgers,156,0,,
720,2007,Syndric Steptoe,WR,5-9.0000,194,4.59,0,0,33,0,17,Arizona,234,1,1,1
721,2007,Daren Stone,SS,6-3.0000,218,4.58,4.44,0,39,132,13,Maine,203,2,2,1
722,2007,Chansi Stuckey,WR,5-11.0000,197,4.56,4.14,0,35,120,0,Clemson,235,10,10,5
723,2007,Kasey Studdard,OG,6-3.0000,303,5.18,0,0,0,0,32,Texas,183,8,8,8
724,2007,Courtney Taylor,WR,6-2.0000,204,4.5,4.28,7.22,36,122,0,Auburn,197,1,1,1
725,2007,Joe Thomas,OT,6-7.0000,311,4.92,4.88,0,33,110,28,Wisconsin,3,52,78,78
726,2007,Marcus Thomas,DT,6-3.0000,314,5.18,0,0,0,0,27,Florida,121,0,0,
727,2007,Marcus Thomas,DT,6-3.0000,314,5.18,0,0,0,0,27,Florida,121,15,14,14
728,2007,Lawrence Timmons,OLB,6-1.0000,234,4.66,4.32,0,35,123,25,Florida State,15,34,62,62
729,2007,Matt Toeaina,DT,6-2.0000,307,5.1,0,0,0,0,26,Oregon,187,11,12,
730,2007,Tony Ugoh,OT,6-5.0000,301,5.06,0,0,32.5,117,32,Arkansas,42,20,19,18
731,2007,Jonathan Wade,CB,5-10.0000,195,4.36,4.4,0,40.5,126,0,Tennessee,84,7,7,4
732,2007,Anthony Waters,ILB,6-3.0000,245,4.59,0,0,0,0,25,Clemson,96,2,2,1
733,2007,Eric Weddle,SS,5-11.0000,203,4.48,4.12,0,33.5,113,11,Utah,37,37,62,62
734,2007,John Wendling,FS,6-1.0000,222,4.48,4.16,0,38.5,129,22,Wyoming,184,5,7,2
735,2007,Marvin White,FS,6-1.0000,199,4.54,0,0,33.5,0,17,TCU,114,8,8,6
736,2007,Chandler Williams,WR,5-11.0000,184,4.42,4.29,0,32.5,123,0,Florida International,233,0,,
737,2007,Paul Williams,WR,6-1.0000,205,4.45,4.24,7.03,38.5,125,0,Fresno State,80,0,0,0
738,2007,Patrick Willis,ILB,6-1.0000,242,4.51,4.46,0,39,119,22,Mississippi,11,79,92,92
739,2007,C.J. Wilson,CB,6-1.0000,195,4.62,4.2,0,37.5,127,0,Baylor,226,0,14,9
740,2007,C.J. Wilson,CB,6-1.0000,195,4.62,4.2,0,37.5,127,0,Baylor,226,0,1,1
741,2007,Josh Wilson,CB,5-9.0000,189,4.39,4.43,0,36.5,120,0,Maryland,55,25,34,13
742,2007,Garrett Wolfe,RB,5-8.0000,186,4.4,4.08,0,35.5,0,0,Northern Illinois,93,2,2,2
743,2007,Abraham Wright,DE,6-2.0000,242,4.9,4.46,0,31,111,24,Colorado,238,0,,
744,2007,Dwayne Wright,RB,6-1.0000,228,4.66,4.43,0,34,115,14,Fresno State,111,1,1,1
745,2007,Eric Wright,CB,5-11.0000,192,4.36,4.23,0,36.5,123,16,UNLV,53,30,31,21
746,2007,Mansfield Wrotto,OG,6-3.0000,317,5.4,4.92,0,0,92,27,Georgia Tech,124,6,6,3
747,2007,DeShawn Wynn,RB,5-11.0000,232,4.47,0,0,31.5,115,0,Florida,228,3,3,3
748,2006,Titus Adams,DT,6-4.0000,306,5.07,4.55,0,30.5,103,15,Nebraska,220,0,0,
749,2006,Joseph Addai,RB,5-11.0000,214,4.4,4.48,0,38.5,125,18,LSU,30,51,50,50
750,2006,Victor Adeyanju,DE,6-4.0000,274,4.86,4.41,0,32,112,22,Indiana,113,14,13,13
751,2006,Jason Allen,FS,6-1.0000,209,4.39,3.83,0,39.5,131,17,Tennessee,16,11,13,9
752,2006,Jon Alston,OLB,6-1.0000,223,4.5,4.13,0,40,132,30,Stanford,77,6,6,0
753,2006,David Anderson,WR,5-11.0000,192,4.57,4.21,0,34,116,0,Colorado State,251,7,7,7
754,2006,James Anderson,OLB,6-3.0000,229,4.59,4.08,0,41,121,0,Virginia Tech,88,17,31,25
755,2006,Mark Anderson,DE,6-4.0000,254,4.62,4.24,0,42,127,20,Alabama,159,18,20,15
756,2006,Willie Andrews,SS,5-10.0000,193,4.43,4.31,0,36.5,124,7,Baylor,229,3,3,3
757,2006,Devin Aromashodu,WR,6-3.0000,201,4.35,4.17,0,39,120,0,Auburn,233,9,10,
758,2006,Charles Bennett,DE,6-4.0000,258,4.7,4.53,0,33.5,115,19,Clemson,241,0,0,0
759,2006,Antoine Bethea,FS,5-11.0000,203,4.39,4.13,0,36.5,0,19,Howard,207,35,54,43
760,2006,Darnell Bing,SS,6-2.0000,227,4.52,4.07,0,34,0,17,USC,101,0,0,
761,2006,Will Blackmon,CB,6-1.0000,198,4.47,4.24,0,41,133,0,Boston College,115,6,16,5
762,2006,Jeremy Bloom,WR,5-9.0000,173,4.49,0,0,0,0,0,Colorado,147,0,,
763,2006,Greg Blue,FS,6-2.0000,216,4.57,0,0,37.5,120,16,Georgia,149,1,1,1
764,2006,Kevin Boothe,OT,6-5.0000,316,5.41,5.07,0,31.5,98,23,Cornell,176,9,26,2
765,2006,Daniel Bullocks,SS,6-1.0000,212,4.38,4.18,0,38,124,18,Nebraska,40,7,7,7
766,2006,Brodrick Bunkley,DT,6-3.0000,306,5.01,0,0,32.5,113,44,Florida State,14,29,42,26
767,2006,Rashad Butler,OT,6-5.0000,293,5.32,4.55,0,28,0,16,Miami (FL),89,6,6,
768,2006,Brian Calhoun,RB,5-9.0000,201,4.57,4.24,0,31.5,124,18,Wisconsin,74,1,1,1
769,2006,Chris Chester,OC,6-4.0000,303,4.83,4.51,0,31.5,106,27,Oklahoma,56,23,50,16
770,2006,Jeromey Clary,OT,6-6.0000,309,5.28,4.66,0,26,102,24,Kansas State,187,39,48,48
771,2006,Kellen Clemens,QB,6-2.0000,224,4.89,0,0,0,0,0,Oregon,49,3,10,3
772,2006,Barry Cofield,DT,6-4.0000,304,4.95,4.35,0,34,105,35,Northwestern,124,33,45,29
773,2006,Daryn Colledge,OT,6-5.0000,299,5.05,4.6,0,32.5,110,21,Boise State,47,44,57,40
774,2006,Marques Colston,WR,6-5.0000,224,4.5,4.44,6.96,37,123,0,Hofstra,252,48,72,72
775,2006,Ryan Cook,OT,6-7.0000,328,5.47,4.67,0,26.5,97,28,New Mexico,51,18,23,16
776,2006,Antonio Cromartie,CB,6-2.0000,208,4.47,0,0,38,132,18,Florida State,19,33,61,22
777,2006,Brodie Croyle,QB,6-3.0000,205,4.88,4.26,0,30.5,104,0,Alabama,85,2,2,2
778,2006,Jay Cutler,QB,6-3.0000,226,4.77,4.31,0,0,0,0,Vanderbilt,11,52,83,28
779,2006,Owen Daniels,TE,6-4.0000,253,4.65,4.11,0,34.5,114,23,Wisconsin,98,28,41,35
780,2006,P.J. Daniels,RB,5-10.0000,214,4.64,4.4,0,33,116,21,Georgia Tech,132,0,0,0
781,2006,Charles Davis,TE,6-6.0000,263,4.87,4.37,0,31.5,108,27,Purdue,167,0,,
782,2006,Vernon Davis,TE,6-3.0000,254,4.38,4.17,0,42,128,33,Maryland,6,25,43,42
783,2006,Tim Dobbins,ILB,6-1.0000,246,4.59,4.39,0,35.5,110,23,Iowa State,151,15,19,9
784,2006,Reed Doughty,FS,6-1.0000,209,4.65,4.17,0,37,121,15,Northern Colorado,173,13,20,20
785,2006,Elvis Dumervil,DE,6-1.0000,257,4.75,0,0,0,0,30,Louisville,126,29,65,44
786,2006,Dusty Dvoracek,DT,6-3.0000,306,5.01,4.37,0,34,110,34,Oklahoma,73,6,6,6
787,2006,Ray Edwards,DE,6-5.0000,273,4.81,4.59,0,39,114,30,Purdue,127,31,37,27
788,2006,Keith Ellison,OLB,6-2.0000,235,4.76,4.16,0,32.5,115,24,Oregon State,178,20,19,19
789,2006,Greg Eslinger,OC,6-3.0000,292,5.13,4.69,0,30,101,28,Minnesota,198,0,,
790,2006,Anthony Fasano,TE,6-4.0000,259,4.86,4.34,0,33.5,0,19,Notre Dame,53,14,22,2
791,2006,Omar Gaither,OLB,6-1.0000,234,4.78,4.32,0,37,115,23,Tennessee,168,23,25,21
792,2006,Quinton Ganther,RB,5-10.0000,218,4.5,0,0,35,119,29,Utah,246,3,3,1
793,2006,Chris Gocong,DE,6-2.0000,263,4.7,4.09,0,38.5,123,28,Cal Poly,71,35,32,15
794,2006,Kedric Golston,DT,6-4.0000,300,4.88,4.45,0,33,111,31,Georgia,196,24,25,25
795,2006,Bruce Gradkowski,QB,6-2.0000,217,4.59,4.16,0,34,107,0,Toledo,194,8,8,3
796,2006,Skyler Green,WR,5-9.0000,192,4.53,0,0,34,118,0,LSU,125,0,0,0
797,2006,Chad Greenway,OLB,6-3.0000,242,4.76,4.22,0,33.5,117,16,Iowa,17,43,62,62
798,2006,Cedric Griffin,FS,6-1.0000,199,4.51,4.1,0,35.5,125,17,Texas,48,24,26,25
799,2006,Derek Hagan,WR,6-2.0000,208,4.45,4.07,0,36,124,15,Arizona State,82,8,12,4
800,2006,Marques Hagans,RB,5-10.0000,202,4.67,4.43,0,35,114,0,Virginia,144,1,1,1
801,2006,Parys Haralson,DE,6-1.0000,253,4.8,4.28,0,32,115,24,Tennessee,140,25,37,29
802,2006,Jerome Harrison,RB,5-9.0000,201,4.47,4.08,0,34.5,124,19,Washington State,145,14,13,11
803,2006,Mike Hass,WR,6-1.0000,208,4.59,4.15,0,32,116,0,Oregon State,171,0,0,
804,2006,Jason Hatcher,DE,6-6.0000,284,4.82,4.5,0,35.5,113,28,Grambling State,92,7,34,23
805,2006,A.J. Hawk,OLB,6-1.0000,248,4.59,3.96,0,40,115,24,Ohio State,5,0,59,56
806,2006,Devin Hester,WR,5-11.0000,190,4.41,4.2,6.78,38,124,16,Miami (FL),57,42,49,44
807,2006,Tye Hill,CB,5-10.0000,185,4.34,4.05,0,41,129,0,Clemson,15,10,9,7
808,2006,Abdul Hodge,ILB,6-1.0000,236,4.76,4.35,0,31,108,0,Iowa,67,2,2,1
809,2006,Santonio Holmes,WR,5-10.6250,188,4.35,4.26,6.82,38,126,0,Ohio State,25,43,47,35
810,2006,Thomas Howard,OLB,6-3.0000,239,4.42,4.29,0,39,124,21,UTEP,38,29,34,26
811,2006,Michael Huff,SS,6-1.0000,204,4.34,0,0,40.5,125,21,Texas,7,28,33,32
812,2006,Cedric Humes,RB,6-1.0000,227,4.62,4.23,0,30.5,106,18,Virginia Tech,240,0,,
813,2006,Clint Ingram,OLB,6-2.0000,244,4.65,4.11,0,41,0,22,Oklahoma,80,23,21,21
814,2006,Chad Jackson,WR,6-1.0000,213,4.32,4.03,0,38.5,122,0,Florida,36,2,2,2
815,2006,Tarvaris Jackson,QB,6-2.0000,226,4.69,4.4,0,31.5,107,0,Alabama State,64,13,21,12
816,2006,Omar Jacobs,QB,6-4.0000,232,4.84,4.31,0,32.5,108,0,Bowling Green,164,0,,
817,2006,Max Jean-Gilles,OG,6-4.0000,355,5.48,5.08,0,24.5,95,27,Georgia,99,15,14,14
818,2006,Julian Jenkins,DE,6-4.0000,277,5.03,4.24,0,34.5,110,25,Stanford,156,1,1,1
819,2006,Adam Jennings,WR,5-9.0000,181,4.44,4.16,0,37.5,118,0,Fresno State,184,0,0,0
820,2006,Greg Jennings,WR,5-11.0000,197,4.42,4.18,6.69,36.5,117,0,Western Michigan,52,48,65,54
821,2006,Kelly Jennings,CB,5-11.0000,178,4.39,4.04,0,40,120,0,Miami (FL),31,19,18,18
822,2006,Tim Jennings,CB,5-8.0000,185,4.32,0,0,37.5,0,17,Georgia,62,18,43,9
823,2006,Brandon Johnson,OLB,6-5.0000,228,4.44,4.34,0,37,118,11,Louisville,142,11,13,0
824,2006,Johnny Jolly,DT,6-3.0000,317,5.41,0,0,0,104,0,Texas A&M,183,19,22,22
825,2006,Davin Joseph,OG,6-3.0000,311,5.09,5.02,0,32,111,24,Oklahoma,23,31,45,40
826,2006,Johnathan Joseph,CB,5-11.0000,193,4.31,4.27,6.94,37,123,15,South Carolina,24,26,57,19
827,2006,Jeff King,TE,6-5.0000,245,4.83,4.13,0,32.5,109,21,Virginia Tech,155,8,10,7
828,2006,David Kirtman,FB,6-1.0000,233,4.76,4.32,0,29.5,106,0,USC,163,0,0,0
829,2006,Mathias Kiwanuka,DE,6-6.0000,266,4.7,4.15,0,32,120,17,Boston College,32,23,37,37
830,2006,Joe Klopfenstein,TE,6-6.0000,255,4.63,4.24,0,36,112,27,Colorado,46,3,3,3
831,2006,Chris Kuper,OG,6-5.0000,301,5.1,4.62,0,30,109,24,North Dakota,161,27,33,33
832,2006,Ryan LaCasse,DE,6-3.0000,257,4.62,4.34,0,34,113,34,Syracuse,219,1,1,
833,2006,Dawan Landry,SS,6-1.0000,220,4.64,4.28,0,37.5,124,18,Georgia Tech,146,26,43,21
834,2006,Manny Lawson,OLB,6-6.0000,241,4.43,4.21,0,39.5,124,23,North Carolina State,22,27,47,23
835,2006,Josh Lay,CB,6-1.0000,197,4.48,0,0,40.5,120,16,Pittsburgh,174,0,,
836,2006,Matt Leinart,QB,6-5.0000,223,4.9,0,0,0,0,0,USC,10,12,12,12
837,2006,Jonathan Lewis,DT,6-1.0000,309,4.97,4.43,0,33.5,111,24,Virginia Tech,177,0,0,0
838,2006,Marcedes Lewis,TE,6-7.0000,261,4.8,4.84,0,37,118,23,UCLA,28,23,31,31
839,2006,Calvin Lowry,SS,5-11.0000,200,4.54,4.23,0,36,120,15,Penn State,102,7,7,6
840,2006,Wali Lundy,RB,5-11.0000,214,4.48,4.37,0,35,111,18,Virginia,170,5,5,5
841,2006,Nick Mangold,OC,6-4.0000,300,5.05,4.4,0,27.5,104,24,Ohio State,29,45,65,65
842,2006,Danieal Manning,CB,5-11.0000,202,4.48,4.08,0,39,123,17,Abilene Christian,42,26,37,22
843,2006,Brandon Marshall,WR,6-5.0000,229,4.52,4.31,6.96,37,120,0,UCF,119,42,81,28
844,2006,Richard Marshall,CB,5-11.0000,189,4.42,4.16,0,37,129,12,Fresno State,58,26,32,24
845,2006,Derrick Martin,CB,5-10.0000,202,4.5,3.97,0,40,127,17,Wyoming,208,5,6,3
846,2006,Ingle Martin,QB,6-2.0000,220,4.71,4.22,0,36,111,0,Furman,148,0,0,0
847,2006,Jimmy Martin,OT,6-5.0000,303,5.23,0,0,31,101,25,Virginia Tech,227,0,,
848,2006,Fred Matua,OG,6-3.0000,306,5.04,4.79,0,24.5,0,28,USC,217,0,,
849,2006,Marcus Maxey,CB,6-2.0000,198,4.48,0,0,41.5,129,14,Miami (FL),154,0,0,0
850,2006,John McCargo,DT,6-2.0000,302,5.15,4.49,0,30.5,110,25,North Carolina State,26,3,3,3
851,2006,Stanley McClover,DE,6-3.0000,262,4.7,4.52,0,39,114,19,Auburn,237,1,1,1
852,2006,Tim McGarigle,ILB,6-1.0000,242,4.73,4.08,0,38,118,0,Northwestern,221,1,1,1
853,2006,Reggie McNeal,QB,6-2.0000,198,4.4,4.27,0,32,121,0,Texas A&M,193,0,0,0
854,2006,Marcus McNeill,OT,6-8.0000,336,5.07,5.04,0,31,98,0,Auburn,50,48,48,48
855,2006,Gerrick McPhearson,CB,5-10.0000,196,4.42,0,0,41.5,129,18,Maryland,232,0,,
856,2006,Paul McQuistan,OT,6-6.0000,312,5.07,4.65,0,29.5,110,28,Weber State,69,5,24,4
857,2006,Garrett Mills,FB,6-1.0000,241,4.64,4.06,0,35.5,111,23,Tulsa,106,1,1,
858,2006,Jeremy Mincey,DE,6-4.0000,259,4.76,4.25,0,33.5,116,27,Florida,191,14,30,
859,2006,DeMario Minter,CB,5-11.0000,190,4.52,4.12,0,38.5,131,10,Georgia,152,0,,
860,2006,Will Montgomery,OC,6-3.0000,312,5.12,4.43,0,29.5,104,35,Virginia Tech,234,8,34,1
861,2006,Sinorice Moss,WR,5-8.0000,185,4.38,0,0,42,123,0,Miami (FL),44,4,4,4
862,2006,Terna Nande,OLB,6-1.0000,232,4.51,4.12,0,39,124,41,Miami (OH),137,0,0,0
863,2006,Haloti Ngata,DT,6-4.0000,338,5.13,4.69,0,31.5,110,37,Oregon,12,60,97,95
864,2006,A.J. Nicholson,OLB,6-1.0000,252,4.88,4.46,0,0,116,25,Florida State,157,0,0,0
865,2006,Rob Ninkovich,DE,6-3.0000,260,4.91,4.18,0,34.5,116,23,Purdue,135,8,48,0
866,2006,Jerious Norwood,RB,6-1.0000,210,4.4,4.26,0,36.5,122,15,Mississippi State,79,21,20,20
867,2006,Ben Obomanu,WR,6-1.0000,205,4.43,0,0,39.5,0,0,Auburn,249,9,10,10
868,2006,Ben Obomanu,WR,6-1.0000,205,4.45,4.23,7.18,38,116,0,Auburn,249,9,10,10
869,2006,Quinn Ojinnaka,OT,6-5.0000,309,5.44,5.12,0,28.5,102,21,Syracuse,139,9,12,8
870,2006,Jonathan Orr,WR,6-2.0000,198,4.44,4.16,7.31,35.5,119,0,Wisconsin,172,0,,
871,2006,Babatunde Oshinowo,DT,6-2.0000,304,5.27,4.57,0,32,105,33,Stanford,181,0,0,0
872,2006,Jarrad Page,SS,6-1.0000,239,4.63,4.14,0,38,127,0,UCLA,228,18,18,16
873,2006,Domata Peko,DT,6-3.0000,307,5.27,4.54,0,28.5,103,25,Michigan State,123,28,56,56
874,2006,Terrance Pennington,OT,6-7.0000,325,5.39,0,0,28.5,102,28,New Mexico,216,4,4,4
875,2006,Charlie Peprah,SS,5-11.0000,206,4.66,4.1,0,37.5,119,15,Alabama,158,6,11,
876,2006,Marvin Philip,OC,6-1.0000,307,5.24,4.7,0,27,96,27,California,201,0,,
877,2006,David Pittman,CB,5-11.0000,182,4.44,4.27,0,36,128,14,Northwestern State,87,1,1,1
878,2006,Jason Pociask,TE,6-3.0000,266,4.84,4.32,0,32.5,115,23,Wisconsin,150,0,0,0
879,2006,Bernard Pollard,SS,6-2.0000,224,4.57,0,0,36.5,131,0,Purdue,54,23,36,12
880,2006,Leonard Pope,TE,6-8.0000,258,4.62,4.67,0,37.5,118,22,Georgia,72,6,6,4
881,2006,Willie Reid,WR,5-11.0000,188,4.34,4.26,0,37.5,117,0,Florida State,95,1,1,1
882,2006,Cory Rodgers,WR,6-1.0000,188,4.58,4.19,0,33.5,110,0,TCU,104,0,,
883,2006,Frostee Rucker,DE,6-3.0000,267,4.88,0,0,29.5,110,0,USC,91,14,32,11
884,2006,DeMeco Ryans,OLB,6-1.0000,236,4.65,4.18,0,39,129,23,Alabama,33,36,58,38
885,2006,Nate Salley,FS,6-2.0000,216,4.63,4.17,0,40,123,14,Ohio State,121,2,2,2
886,2006,Tony Scheffler,TE,6-6.0000,254,4.54,4.04,0,33.5,115,17,Western Michigan,61,20,24,15
887,2006,Anthony Schlegel,ILB,6-1.0000,250,4.88,4.39,0,32,111,21,Ohio State,76,2,2,0
888,2006,Jonathan Scott,OT,6-7.0000,315,5.32,4.87,0,24.5,101,0,Texas,141,13,18,3
889,2006,Mark Setterstrom,OG,6-4.0000,314,5.38,4.56,0,26.5,100,19,Minnesota,242,5,5,5
890,2006,D.J. Shockley,QB,6-1.0000,214,4.56,4.18,0,37.5,121,0,Georgia,223,0,,
891,2006,Kevin Simon,OLB,5-10.0000,235,4.89,4.34,0,28,103,26,Tennessee,250,0,,
892,2006,Ko Simpson,FS,6-1.0000,209,4.45,4.2,0,40.5,122,11,South Carolina,105,13,13,11
893,2006,Ernie Sims,OLB,5-11.0000,231,4.5,4.23,0,41,125,25,Florida State,9,27,30,19
894,2006,Anthony Smith,FS,6-1.0000,194,4.71,4.35,0,41,125,18,Syracuse,83,12,12,8
895,2006,Brad Smith,QB,6-2.0000,213,4.46,4.33,7.01,39.5,128,0,Missouri,103,13,17,11
896,2006,Eric Smith,SS,6-1.0000,209,4.63,4.11,0,40,127,21,Michigan State,97,11,16,16
897,2006,Isaac Sowells,OG,6-4.0000,324,5.15,5.02,0,28.5,101,20,Indiana,112,0,0,0
898,2006,Charles Spencer,OG,6-5.0000,352,5.25,0,0,0,0,30,Pittsburgh,65,1,1,1
899,2006,Jason Spitz,OG,6-4.0000,313,5.4,4.56,0,28.5,102,25,Louisville,75,25,24,24
900,2006,Montavious Stanley,DT,6-2.0000,313,5.12,4.62,0,29,0,0,Louisville,182,5,5,
901,2006,Dan Stevenson,OG,6-5.0000,300,5.36,4.6,0,24.5,100,24,Notre Dame,205,0,,
902,2006,Maurice Stovall,WR,6-5.0000,217,4.57,4.16,6.81,35,122,0,Notre Dame,90,5,5,5
903,2006,Zach Strief,OT,6-8.0000,330,5.38,4.85,0,21,94,19,Northwestern,210,10,43,43
904,2006,Quinn Sypniewski,TE,6-7.0000,268,4.77,4.54,0,32.5,114,20,Colorado,166,2,2,2
905,2006,Darryl Tapp,DE,6-2.0000,252,4.83,4.48,0,33,109,27,Virginia Tech,63,25,29,21
906,2006,Joe Toledo,OT,6-6.0000,337,5.11,0,0,0,0,32,Washington,114,0,,
907,2006,Michael Toudouze,OT,6-6.0000,303,5.12,4.71,0,26.5,100,23,TCU,162,1,1,1
908,2006,Jeremy Trueblood,OT,6-8.0000,316,5.25,4.71,0,27.5,96,20,Boston College,59,29,36,31
909,2006,Stephen Tulloch,ILB,5-11.0000,241,4.84,4.18,0,33.5,113,27,North Carolina State,116,26,48,21
910,2006,Lawrence Vickers,FB,6-1.0000,245,4.82,4.64,0,30.5,104,21,Colorado,180,2,3,2
911,2006,Delanie Walker,WR,6-1.0000,240,4.49,0,0,36.5,118,0,Central Missouri State,175,7,27,9
912,2006,Leon Washington,RB,5-8.0000,201,4.42,4.37,0,32.5,105,17,Florida State,117,29,30,23
913,2006,Pat Watkins,FS,6-5.0000,211,4.42,0,0,41,133,14,Florida State,138,7,7,7
914,2006,Todd Watkins,WR,6-3.0000,202,4.4,4.25,0,37,118,0,Brigham Young,218,1,1,
915,2006,Gabe Watson,DT,6-4.0000,339,5.27,4.82,0,25,96,36,Michigan,107,13,12,12
916,2006,Dee Webb,CB,5-11.0000,183,4.41,0,0,36.5,121,0,Florida,236,1,1,1
917,2006,Jeff Webb,WR,6-2.1250,211,4.4,4.08,6.81,37,126,0,San Diego State,190,2,2,2
918,2006,Guy Whimper,OT,6-5.0000,304,4.96,4.61,0,29,102,26,East Carolina,129,4,13,2
919,2006,Charlie Whitehurst,QB,6-5.0000,223,4.75,4.12,0,33,112,0,Clemson,81,2,7,0
920,2006,E.J. Whitley,OT,6-5.0000,309,5.35,4.8,0,25,101,16,Texas Tech,224,0,,
921,2006,Donte Whitner,SS,5-10.0000,204,4.4,0,0,40,132,18,Ohio State,8,25,49,18
922,2006,Andrew Whitworth,OT,6-7.0000,334,5.16,4.84,0,30.5,112,28,LSU,55,34,78,78
923,2006,Gerris Wilkinson,ILB,6-3.0000,233,4.66,4.18,0,39,122,19,Georgia Tech,96,7,6,6
924,2006,Brandon Williams,WR,5-10.0000,179,4.48,4.09,0,34.5,115,0,Wisconsin,84,0,0,0
925,2006,Brandon Williams,WR,5-10.0000,179,4.48,4.09,0,34.5,115,0,Wisconsin,84,0,0,0
926,2006,DeAngelo Williams,RB,5-9.0000,214,4.49,0,0,35.5,0,25,Memphis,27,36,59,51
927,2006,Jamar Williams,OLB,6-1.0000,236,4.59,4.29,0,37,120,0,Arizona State,120,5,5,5
928,2006,Leon Williams,ILB,6-3.0000,245,4.54,0,0,0,0,25,Miami (FL),110,9,9,8
929,2006,Mario Williams,DE,6-7.0000,295,4.7,4.37,7.21,40.5,120,35,North Carolina State,1,41,75,34
930,2006,T.J. Williams,TE,6-3.0000,269,4.72,4.58,0,34,111,25,North Carolina State,202,0,,
931,2006,Travis Wilson,WR,6-2.0000,214,4.47,4.03,0,36.5,120,0,Oklahoma,78,0,0,0
932,2006,Kamerion Wimbley,DE,6-4.0000,248,4.61,4.48,6.98,38.5,129,24,Florida State,13,36,46,26
933,2006,Eric Winston,OT,6-7.0000,310,4.94,4.49,0,29,108,0,Miami (FL),66,40,53,43
934,2006,Rodrique Wright,DT,6-5.0000,300,5.08,4.52,0,32,110,31,Texas,226,4,4,4
935,2006,James Wyche,DE,6-6.0000,262,4.63,4.51,7.75,33,116,33,Syracuse,213,0,0,0
936,2006,Vince Young,QB,6-5.0000,229,4.48,0,0,0,0,0,Texas,3,33,33,31
937,2005,Hamza Abdullah,SS,6-2.0000,214,0,0,0,39,114,18,Washington State,231,4,5,
938,2005,Anthony Alabi,OT,6-5.0000,310,5.12,4.6,0,32.5,105,18,TCU,162,1,1,1
939,2005,Derek Anderson,QB,6-6.0000,242,5.03,4.67,0,29,103,0,Oregon State,213,18,21,
940,2005,Calvin Armstrong,OT,6-7.0000,325,5.51,4.66,0,34,100,26,Washington State,211,0,,
941,2005,J.J. Arrington,RB,5-9.0000,214,4.4,4.1,0,35,121,18,California,44,0,11,11
942,2005,David Baas,OG,6-5.0000,319,5.06,4.48,0,29.5,105,29,Michigan,33,18,36,21
943,2005,Jonathan Babineaux,DT,6-2.0000,286,4.87,4.62,0,29.5,109,21,Iowa,59,27,52,52
944,2005,Billy Bajema,TE,6-5.0000,261,4.74,4.3,0,31.5,113,16,Oklahoma State,249,1,2,0
945,2005,Marion Barber,RB,6-0.0000,221,4.53,0,0,40,0,20,Minnesota,109,39,40,38
946,2005,Khalif Barnes,OT,6-6.0000,305,4.92,4.56,0,35,106,26,Washington,52,35,51,31
947,2005,Alex Barron,OT,6-8.0000,318,5.27,4.57,0,35.5,0,0,Florida State,19,30,28,28
948,2005,Ronald Bartell,CB,6-1.0000,211,4.37,0,0,35.5,0,21,Howard,50,20,25,23
949,2005,Jordan Beck,OLB,6-3.0000,233,4.6,4.12,0,41,128,25,Cal Poly,90,2,2,1
950,2005,Joe Berger,OT,6-6.0000,303,5.18,4.68,0,27,96,30,Michigan Tech,207,4,26,
951,2005,Justin Beriault,FS,6-3.0000,204,4.52,3.84,0,39.5,132,14,Ball State,208,0,,
952,2005,Darryl Blackstock,OLB,6-3.0000,247,4.7,4.32,0,39,126,25,Virginia,95,6,6,4
953,2005,Michael Boley,OLB,6-3.0000,236,4.56,4.12,0,34,113,0,Southern Miss,160,30,43,23
954,2005,Larry Brackins,WR,6-5.0000,205,4.58,4.44,0,35,112,0,Pearl River (JC),155,0,,
955,2005,Mark Bradley,WR,6-2.0000,201,4.37,4.02,6.96,39.5,128,0,Oklahoma,39,11,10,4
956,2005,Craig Bragg,WR,6-1.0000,196,4.46,0,0,36,122,0,UCLA,195,0,,
957,2005,Wesley Britt,OT,6-8.0000,314,5.3,0,0,0,0,24,Alabama,164,3,3,
958,2005,Nehemiah Broughton,RB,6-1.0000,250,4.59,4.37,0,30,108,25,Citadel,222,0,0,0
959,2005,Jammal Brown,OT,6-6.0000,316,5.06,4.7,0,31.5,109,0,Oklahoma,13,42,50,39
960,2005,Jason Brown,OC,6-3.0000,313,5.4,4.52,0,30.5,105,23,North Carolina,124,24,31,18
961,2005,Reggie Brown,WR,6-2.0000,196,4.45,4,0,41.5,128,0,Georgia,35,21,20,20
962,2005,Ronnie Brown,RB,6-1.0000,233,4.43,4.14,0,34,117,18,Auburn,2,36,41,36
963,2005,Anthony Bryant,DT,6-3.0000,335,5.06,4.72,0,31.5,106,23,Alabama,178,1,2,0
964,2005,Dan Buenning,OG,6-4.0000,320,5.35,4.64,0,28,111,29,Wisconsin,107,10,10,9
965,2005,Josh Bullocks,FS,6-1.0000,209,4.46,4.09,0,37.5,118,0,Nebraska,40,22,21,19
966,2005,Kevin Burnett,OLB,6-3.0000,235,4.61,0,0,36,0,20,Tennessee,42,11,40,5
967,2005,Vincent Burns,DE,6-1.0000,267,4.84,4.41,0,35,122,25,Kentucky,92,0,,
968,2005,Jason Campbell,QB,6-5.0000,230,4.72,0,0,0,0,0,Auburn,25,44,47,32
969,2005,Jerome Carter,SS,6-1.0000,228,4.47,4.11,0,35,121,21,Florida State,117,3,3,3
970,2005,Luis Castillo,DT,6-3.0000,305,4.79,0,0,34.5,112,32,Northwestern,28,29,32,32
971,2005,Maurice Clarett,RB,6-1.0000,234,4.78,0,0,34,115,22,Ohio State,101,0,,
972,2005,Mark Clayton,WR,5-11.0000,193,4.41,4.07,6.95,36.5,118,0,Oklahoma,22,28,27,26
973,2005,DeAndra Cobb,RB,5-10.0000,196,4.49,4.26,0,34,118,17,Michigan State,201,0,0,0
974,2005,Shaun Cody,DT,6-4.0000,293,4.95,0,0,0,0,34,USC,37,12,27,5
975,2005,Jerome Collins,TE,6-4.0000,267,4.71,0,0,0,118,21,Notre Dame,144,0,0,0
976,2005,Nick Collins,CB,5-11.0000,206,4.36,4.16,0,40,118,11,Bethune-Cookman,51,36,43,43
977,2005,Sean Considine,FS,6-1.0000,212,4.5,3.93,0,37,117,19,Iowa,102,12,14,8
978,2005,Junius Coston,OC,6-4.0000,310,5.31,4.64,0,29.5,102,21,North Carolina A&T,143,5,5,5
979,2005,Airese Currie,WR,5-11.0000,186,4.49,4.07,0,38,125,0,Clemson,140,0,0,0
980,2005,Travis Daniels,CB,6-1.0000,194,4.54,3.97,0,35,120,0,LSU,104,13,14,11
981,2005,Anthony Davis,RB,5-7.0000,200,4.5,0,0,38,121,18,Wisconsin,243,34,31,31
982,2005,Anthony Davis,RB,5-7.0000,200,4.5,0,0,38,121,18,Wisconsin,243,0,,
983,2005,Chauncey Davis,DE,6-2.0000,273,4.8,4.44,0,37,118,22,Florida State,128,18,20,19
984,2005,Thomas Davis,FS,6-1.0000,230,4.6,4.01,0,36.5,115,0,Georgia,14,29,59,59
985,2005,Joel Dreessen,TE,6-4.0000,260,4.72,4.05,0,36,113,22,Colorado State,198,5,16,0
986,2005,Jon Dunn,OT,6-7.0000,328,5.4,0,0,0,0,0,Virginia Tech,217,0,,
987,2005,Braylon Edwards,WR,6-3.0000,210,4.45,0,0,0,0,22,Michigan,3,36,41,28
988,2005,Atiyyah Ellison,DT,6-4.0000,305,5.07,4.83,0,27.5,103,25,Missouri,89,0,0,
989,2005,Ben Emanuel,FS,6-3.0000,212,4.57,0,0,0,0,21,UCLA,171,3,3,
990,2005,Trai Essex,OT,6-5.0000,322,5.61,4.93,0,29,96,0,Northwestern,93,13,17,17
991,2005,Ronald Fields,DT,6-3.0000,313,5.24,4.68,0,27,102,0,Mississippi State,137,13,12,5
992,2005,Alfred Fincher,ILB,6-2.0000,238,4.68,4.48,0,31.5,112,25,Connecticut,82,3,3,2
993,2005,Ryan Fitzpatrick,QB,6-3.0000,232,4.86,4.07,0,30.5,105,0,Harvard,250,9,61,2
994,2005,Dustin Fox,FS,5-11.0000,191,4.43,0,0,43.5,0,7,Ohio State,80,0,0,
995,2005,Domonique Foxworth,CB,5-11.0000,184,4.34,3.89,0,41,125,14,Maryland,97,18,17,6
996,2005,Charlie Frye,QB,6-4.0000,225,4.79,4.09,0,33,113,0,Akron,67,8,8,7
997,2005,Dylan Gandy,OG,6-3.0000,304,5.12,4.51,0,29.5,100,0,Texas Tech,129,16,19,12
998,2005,Lionel Gates,RB,6-1.0000,222,4.6,4.12,0,36,121,23,Louisville,236,0,0,
999,2005,Justin Geisinger,OT,6-4.0000,322,5.38,4.62,0,25,95,34,Vanderbilt,197,0,0,
1000,2005,Eric Ghiaciuc,OC,6-4.0000,302,5.09,4.64,0,32,105,30,Central Michigan,119,19,18,18
1001,2005,Fred Gibson,WR,6-4.0000,196,4.55,4.14,0,38.5,126,0,Georgia,131,0,,
1002,2005,Eric Green,CB,6-1.0000,198,4.52,3.9,0,38,120,0,Virginia Tech,75,12,11,11
1003,2005,Justin Green,FB,6-1.0000,242,4.84,4.22,0,31,109,23,Montana,158,0,0,0
1004,2005,David Greene,QB,6-4.0000,226,4.78,4.13,0,31.5,115,0,Georgia,85,0,,
1005,2005,Tyjuan Hagler,OLB,6-1.0000,236,4.59,4.13,0,35.5,124,35,Cincinnati,173,13,12,12
1006,2005,Geoff Hangartner,OC,6-5.0000,301,5.21,4.57,0,28.5,103,26,Texas A&M,169,20,37,27
1007,2005,Anttaj Hawthorne,DT,6-4.0000,325,5.23,4.72,0,27,100,21,Wisconsin,175,1,1,1
1008,2005,Kelvin Hayden,CB,5-11.0000,197,4.45,3.9,0,34,111,17,Illinois,60,18,24,21
1009,2005,Jovan Haye,DE,6-2.0000,284,4.74,4.38,0,34,110,33,Vanderbilt,189,24,25,0
1010,2005,Madison Hedgecock,FB,6-3.0000,266,4.87,4.26,0,32.5,108,29,North Carolina,251,2,2,1
1011,2005,Chris Henry,WR,6-4.0000,197,4.5,0,0,0,0,0,West Virginia,83,1,1,1
1012,2005,Chris Henry,WR,6-4.0000,197,4.5,0,0,0,0,0,West Virginia,83,17,16,16
1013,2005,Noah Herron,RB,5-11.0000,200,4.6,4.03,0,31,108,17,Northwestern,244,3,3,0
1014,2005,Ellis Hobbs,CB,5-9.0000,192,4.45,4.07,0,42,124,12,Iowa State,84,28,28,26
1015,2005,Drew Hodgdon,OC,6-3.0000,309,5.31,4.48,0,32.5,109,0,Arizona State,151,3,3,3
1016,2005,Alphonso Hodge,CB,5-11.0000,203,4.44,3.99,0,34,0,20,Miami (OH),147,0,,
1017,2005,Daven Holly,CB,5-11.0000,192,4.39,4.08,0,39,115,15,Cincinnati,215,10,10,
1018,2005,Richie Incognito,OC,6-3.0000,305,4.84,0,0,0,0,29,Nebraska,81,24,45,15
1019,2005,Marlin Jackson,CB,6-1.0000,198,4.52,3.96,0,36,125,23,Michigan,29,14,13,13
1020,2005,Tony Jackson,TE,6-2.0000,266,4.75,4.52,0,33,113,23,Iowa,196,0,,
1021,2005,Vincent Jackson,WR,6-5.0000,241,4.46,4,6.84,39,129,23,Northern Colorado,61,42,75,49
1022,2005,Brandon Jacobs,RB,6-4.0000,267,4.56,4.49,0,37,118,19,Southern Illinois,110,30,36,36
1023,2005,Erasmus James,DE,6-4.0000,266,4.81,4.44,0,37.5,122,0,Wisconsin,18,6,6,6
1024,2005,Jason Jefferson,DT,6-2.0000,310,5.1,4.48,0,28.5,102,0,Wisconsin,193,3,3,
1025,2005,Derrick Johnson,OLB,6-3.0000,242,4.52,3.93,0,37.5,120,0,Texas,15,31,76,76
1026,2005,Derrick Johnson,OLB,6-3.0000,242,4.52,3.93,0,37.5,120,0,Texas,15,2,2,2
1027,2005,Derrick Johnson,CB,5-11.0000,197,4.43,4.1,0,0,0,18,Texas,15,31,76,76
1028,2005,Derrick Johnson,CB,5-11.0000,197,4.43,4.1,0,0,0,18,Texas,15,2,2,2
1029,2005,Marcus Johnson,OG,6-7.0000,321,5.45,4.75,0,27.5,104,21,Mississippi,49,10,10,10
1030,2005,Brandon Jones,WR,6-2.0000,208,4.42,4.1,0,37,114,0,Oklahoma,96,13,12,12
1031,2005,Matt Jones,TE,6-6.0000,242,4.37,0,0,39.5,129,0,Arkansas,21,23,22,22
1032,2005,Nick Kaczur,OT,6-5.0000,319,5.28,0,0,31.5,0,0,Toledo,100,40,36,36
1033,2005,Chris Kemoeatu,OG,6-4.0000,344,5.34,4.57,0,29,98,26,Utah,204,25,27,27
1034,2005,Adam Kieft,OT,6-7.0000,337,5.52,4.77,0,33,110,28,Central Michigan,153,0,,
1035,2005,Eric King,CB,5-9.0000,189,4.43,0,0,0,0,12,Wake Forest,156,4,4,1
1036,2005,Khari Long,DE,6-4.0000,257,4.74,4.09,0,38.5,121,27,Baylor,199,0,0,0
1037,2005,Daniel Loper,OT,6-6.0000,306,5.3,4.69,0,32,101,14,Texas Tech,150,7,6,3
1038,2005,Chase Lyman,WR,6-3.0000,217,4.5,0,0,36.5,115,16,California,118,0,,
1039,2005,Andre Maddox,SS,6-1.0000,205,4.46,0,0,36.5,127,17,North Carolina State,161,0,,
1040,2005,Logan Mankins,OG,6-4.0000,307,5.06,4.45,0,31.5,95,21,Fresno State,32,62,102,94
1041,2005,Evan Mathis,OG,6-5.0000,304,4.92,4.16,0,35.5,117,35,Alabama,79,11,44,6
1042,2005,Jerome Mathis,WR,5-11.0000,181,4.26,0,0,35.5,123,0,Hampton,114,4,4,4
1043,2005,Robert McCune,ILB,6-1.0000,245,4.5,0,0,0,0,34,Louisville,154,0,0,0
1044,2005,Bryant McFadden,CB,5-11.0000,193,4.53,4.04,0,38.5,0,23,Florida State,62,20,25,21
1045,2005,Pete McMahon,OT,6-8.0000,329,5.43,4.8,0,27,92,26,Iowa,214,0,,
1046,2005,David McMillan,DE,6-3.0000,262,4.58,4.08,0,34,120,16,Kansas,139,2,2,2
1047,2005,Adrian McPherson,QB,6-4.0000,218,4.71,4.12,0,34.5,128,22,Florida State,152,0,,
1048,2005,Shawne Merriman,DE,6-5.0000,272,4.68,0,0,0,0,25,Maryland,12,38,39,37
1049,2005,Justin Miller,CB,5-10.0000,201,4.42,0,0,41.5,128,15,Clemson,57,15,14,13
1050,2005,Lance Mitchell,ILB,6-2.0000,247,4.85,4.41,0,33.5,0,15,Oklahoma,168,1,1,1
1051,2005,Ryan Moats,RB,5-8.0000,210,4.46,4.11,0,36,117,19,Louisiana Tech,77,7,7,2
1052,2005,Mike Montgomery,DE,6-5.0000,276,5.05,4.33,0,34.5,115,19,Texas A&M,180,9,8,8
1053,2005,Eric Moore,DE,6-4.0000,262,4.84,4.57,0,29.5,108,22,Florida State,186,3,5,1
1054,2005,Vernand Morency,RB,5-10.0000,212,4.51,4.2,0,33.5,0,19,Oklahoma State,73,8,8,2
1055,2005,Kirk Morrison,ILB,6-1.0000,235,4.69,4.35,0,0,0,25,San Diego State,78,37,39,33
1056,2005,C.J. Mosley,DT,6-2.0000,312,5.08,4.65,0,27.5,100,27,Missouri,191,0,22,2
1057,2005,Scott Mruczkowski,OC,6-5.0000,321,5.29,0,0,0,0,28,Bowling Green,242,13,16,16
1058,2005,Terrence Murphy,WR,6-1.0000,202,4.39,3.91,7.02,41,128,0,Texas A&M,58,0,0,0
1059,2005,Chris Myers,OG,6-5.0000,300,5.18,0,0,0,0,25,Miami (FL),200,28,59,7
1060,2005,Donte Nicholson,SS,6-1.0000,209,4.55,0,0,0,0,18,Oklahoma,141,1,1,1
1061,2005,Doug Nienhuis,OG,6-6.0000,307,5.15,4.52,0,29.5,99,22,Oregon State,254,0,0,
1062,2005,Frank Omiyale,OT,6-4.0000,310,5.3,4.72,0,29.5,101,22,Tennessee Tech,163,14,17,0
1063,2005,Dan Orlovsky,QB,6-5.0000,225,4.93,4.43,0,29.5,107,0,Connecticut,145,4,7,5
1064,2005,Kyle Orton,QB,6-4.0000,233,5.06,4.54,0,26.5,0,0,Purdue,106,23,41,10
1065,2005,Chad Owens,WR,5-8.0000,183,4.62,3.95,0,37,116,23,Hawaii,185,0,0,0
1066,2005,Jeremy Parquet,OT,6-7.0000,323,5.31,4.9,0,29.5,94,17,Southern Miss,238,0,,
1067,2005,Roscoe Parrish,WR,5-10.0000,170,4.37,4.2,6.64,36,126,10,Miami (FL),55,12,14,14
1068,2005,Mike Patterson,DT,6-1.0000,292,5.08,0,0,0,0,26,USC,31,40,50,46
1069,2005,Karl Paymah,CB,6-1.0000,204,4.35,3.91,0,41.5,125,15,Washington State,76,7,6,6
1070,2005,Alvin Pearman,RB,5-10.0000,208,4.63,4.1,0,34,114,24,Virginia,127,5,5,5
1071,2005,Antonio Perkins,CB,5-11.0000,190,4.49,4.07,0,40,126,10,Oklahoma,103,0,0,0
1072,2005,Tab Perry,WR,6-3.0000,219,4.46,0,0,34,116,0,UCLA,190,1,1,1
1073,2005,Kenneth Pettway,OLB,6-3.0000,234,4.69,4.36,0,32.5,114,22,Grambling State,227,3,3,
1074,2005,David Pollack,DE,6-2.0000,265,4.75,3.94,0,37,120,25,Georgia,17,3,3,3
1075,2005,Brady Poppinga,DE,6-3.0000,259,4.59,4.39,0,35.5,110,26,Brigham Young,125,21,26,20
1076,2005,Sione Pouha,DT,6-4.0000,325,5.02,4.49,0,32.5,107,32,Utah,88,21,50,50
1077,2005,Duke Preston,OC,6-5.0000,311,0,4.53,0,32,96,21,Illinois,122,11,11,11
1078,2005,Kerry Rhodes,FS,6-3.0000,209,4.56,4.17,0,42,123,12,Louisville,123,39,48,35
1079,2005,Ryan Riddle,DE,6-2.0000,253,4.82,0,0,0,0,18,California,212,1,1,1
1080,2005,Dante Ridgeway,WR,5-11.0000,212,4.57,4.39,0,33,117,0,Ball State,192,0,0,
1081,2005,Courtney Roby,WR,6-1.0000,189,4.41,4,0,36.5,126,0,Indiana,68,3,3,2
1082,2005,Aaron Rodgers,QB,6-2.0000,223,4.71,4.32,7.39,34.5,110,0,California,24,34,112,112
1083,2005,Carlos Rogers,CB,6-1.0000,196,4.44,3.82,6.48,40.5,126,15,Auburn,9,25,49,23
1084,2005,Antrel Rolle,CB,6-0.0000,198,4.5,0,0,0,0,15,Miami (FL),8,23,53,17
1085,2005,Michael Roos,OT,6-7.0000,320,5.3,4.52,0,29,97,19,Eastern Washington,41,43,62,62
1086,2005,Matt Roth,DE,6-4.0000,278,4.81,4.36,0,32,112,26,Iowa,46,18,27,13
1087,2005,Stanford Routt,CB,6-2.0000,193,4.27,3.9,0,36.5,129,0,Houston,38,11,21,18
1088,2005,J.R. Russell,WR,6-3.0000,206,4.56,0,0,34.5,0,0,Louisville,253,0,,
1089,2005,Barrett Ruud,ILB,6-3.0000,241,4.75,4,0,34.5,112,25,Nebraska,36,32,41,36
1090,2005,Bo Scaife,TE,6-3.0000,249,4.75,4.14,0,32.5,114,24,Texas,179,19,20,20
1091,2005,Gerald Sensabaugh,FS,6-1.0000,214,4.44,0,0,46,133,17,North Carolina,157,19,30,9
1092,2005,Adam Seward,ILB,6-2.0000,248,4.6,4.11,0,36.5,120,33,UNLV,149,4,4,4
1093,2005,Eric Shelton,RB,6-2.0000,246,4.53,4.08,0,38.5,124,0,Louisville,54,0,0,0
1094,2005,Darrell Shropshire,DT,6-2.0000,301,4.87,4.34,0,34,116,25,South Carolina,241,2,2,2
1095,2005,Wes Sims,OT,6-5.0000,318,5.39,4.45,0,28,108,26,Oklahoma,177,0,0,0
1096,2005,Alex Smith,QB,6-4.0000,217,4.71,3.97,0,32,113,0,Utah,1,14,72,31
1097,2005,Alex Smith,QB,6-4.0000,217,4.71,3.97,0,32,113,0,Utah,1,11,11,10
1098,2005,Alex Smith,TE,6-4.0000,258,4.75,0,0,0,0,28,Utah,1,14,72,31
1099,2005,Alex Smith,TE,6-4.0000,258,4.75,0,0,0,0,28,Utah,1,11,11,10
1100,2005,Adam Snyder,OG,6-6.0000,316,5.34,4.86,0,28.5,93,21,Oregon,94,23,35,31
1101,2005,Marcus Spears,DE,6-4.0000,307,5.03,0,0,0,0,15,LSU,20,31,35,34
1102,2005,Chris Spencer,OC,6-3.0000,309,5.21,4.61,0,32,105,26,Mississippi,26,25,37,28
1103,2005,Darren Sproles,RB,5-6.0000,187,4.47,3.96,0,33,105,23,Kansas State,130,23,58,25
1104,2005,Scott Starks,CB,5-9.0000,172,4.37,3.9,0,43,137,13,Wisconsin,87,4,4,4
1105,2005,David Stewart,OT,6-7.0000,314,5.25,0,0,0,0,24,Mississippi State,113,38,47,47
1106,2005,Bill Swancutt,DE,6-4.0000,270,5,4.24,0,34,113,23,Oregon State,184,0,0,0
1107,2005,Lofa Tatupu,ILB,6-1.0000,238,4.83,4.21,0,35,113,23,USC,45,46,49,49
1108,2005,Claude Terrell,OG,6-2.0000,343,5.42,4.81,0,24.5,89,27,New Mexico,134,6,6,6
1109,2005,Adam Terry,OT,6-8.0000,330,5.4,4.79,0,28,96,0,Syracuse,64,10,10,10
1110,2005,Odell Thurman,ILB,6-1.0000,233,4.62,4.28,0,34,0,23,Georgia,48,7,7,7
1111,2005,Marviel Underwood,FS,5-10.0000,197,4.45,4.22,0,38,118,19,San Diego State,115,1,1,1
1112,2005,Jimmy Verdon,DE,6-3.0000,280,5.02,4.53,0,29.5,105,18,Arizona State,232,0,0,0
1113,2005,Kevin Vickerson,DT,6-5.0000,301,5,4.67,0,32.5,103,0,Michigan State,216,10,22,
1114,2005,Rian Wallace,OLB,6-3.0000,241,4.68,3.97,0,35.5,0,10,Temple,166,2,2,2
1115,2005,DeMarcus Ware,OLB,6-4.0000,251,4.56,4.07,0,38.5,122,27,Troy,11,64,99,87
1116,2005,Paris Warren,WR,6-1.0000,213,4.71,0,0,31.5,0,0,Utah,225,0,0,0
1117,2005,Fabian Washington,CB,5-11.0000,188,4.29,3.91,0,41.5,129,18,Nebraska,23,20,21,10
1118,2005,Corey Webster,CB,6-0.0000,199,4.51,0,0,0,0,9,LSU,43,20,33,33
1119,2005,Jonathan Welsh,OLB,6-3.0000,245,4.61,4.22,0,40.5,130,19,Wisconsin,148,0,0,0
1120,2005,Darrent Williams,CB,5-9.0000,176,4.3,3.96,0,39,124,16,Oklahoma State,56,10,10,10
1121,2005,Mike Williams,WR,6-5.0000,229,4.56,4.23,6.98,36.5,123,0,USC,10,27,25,25
1122,2005,Mike Williams,WR,6-5.0000,229,4.56,4.23,6.98,36.5,123,0,USC,10,5,12,4
1123,2005,Troy Williamson,WR,6-2.0000,203,4.32,4.18,0,37,0,0,South Carolina,7,8,8,8
1124,2005,Ray Willis,OT,6-6.0000,327,5.4,0,0,0,0,27,Florida State,105,12,12,12
1125,2005,Stanley Wilson,CB,6-1.0000,185,4.36,0,0,39.5,125,14,Stanford,72,5,5,5
1126,2005,Cornelius Wortham,OLB,6-2.0000,236,4.71,4.38,0,37,110,22,Alabama,235,1,1,1
1127,2005,Scott Young,OG,6-4.0000,312,5.08,4.4,0,35,115,43,Brigham Young,172,1,1,1